-- データベースの作成
CREATE DATABASE fairedu;

-- データベースの使用
\c fairedu;

-- テーブル削除と作成: lectures
DROP TABLE IF EXISTS lectures CASCADE;
CREATE TABLE lectures (
    id TEXT PRIMARY KEY,
    course_id TEXT,
    name TEXT,
    description TEXT,
    prev TEXT,
    next TEXT,
    created_at TIMESTAMP WITH TIME ZONE DEFAULT CURRENT_TIMESTAMP,
    updated_at TIMESTAMP WITH TIME ZONE DEFAULT CURRENT_TIMESTAMP,
    deleted_at TIMESTAMP WITH TIME ZONE
);

-- テーブル削除と作成: structures
DROP TABLE IF EXISTS structures CASCADE;
CREATE TABLE structures (
    id TEXT PRIMARY KEY,
    lecture_id TEXT,
    name TEXT,
    type TEXT,
    created_at TIMESTAMP WITH TIME ZONE DEFAULT CURRENT_TIMESTAMP,
    updated_at TIMESTAMP WITH TIME ZONE DEFAULT CURRENT_TIMESTAMP,
    deleted_at TIMESTAMP WITH TIME ZONE
);

-- テーブル削除と作成: segments
DROP TABLE IF EXISTS segments CASCADE;
CREATE TABLE segments (
    id TEXT PRIMARY KEY,
    lecture_id TEXT,
    tags TEXT[],
    prev TEXT,
    next TEXT,
    content TEXT,
    voice TEXT,
    script TEXT,
    structure_id TEXT,
    created_at TIMESTAMP WITH TIME ZONE DEFAULT CURRENT_TIMESTAMP,
    updated_at TIMESTAMP WITH TIME ZONE DEFAULT CURRENT_TIMESTAMP,
    deleted_at TIMESTAMP WITH TIME ZONE
);

-- テーブル削除と作成: courses
DROP TABLE IF EXISTS courses CASCADE;
CREATE TABLE courses (
    id TEXT PRIMARY KEY,
    name TEXT,
    description TEXT,
    grade_id TEXT,
    subject TEXT,
    class TEXT,
    level TEXT,
    created_at TIMESTAMP WITH TIME ZONE DEFAULT CURRENT_TIMESTAMP,
    updated_at TIMESTAMP WITH TIME ZONE DEFAULT CURRENT_TIMESTAMP,
    deleted_at TIMESTAMP WITH TIME ZONE
);

-- テーブル削除と作成: tests
DROP TABLE IF EXISTS tests CASCADE;
CREATE TABLE tests (
    id TEXT PRIMARY KEY,
    lecture_id TEXT,
    created_at TIMESTAMP WITH TIME ZONE DEFAULT CURRENT_TIMESTAMP,
    updated_at TIMESTAMP WITH TIME ZONE DEFAULT CURRENT_TIMESTAMP,
    deleted_at TIMESTAMP WITH TIME ZONE
);

-- テーブル削除と作成: questions
DROP TABLE IF EXISTS questions CASCADE;
CREATE TABLE questions (
    id TEXT PRIMARY KEY,
    test_id TEXT,
    text TEXT,
    created_at TIMESTAMP WITH TIME ZONE DEFAULT CURRENT_TIMESTAMP,
    updated_at TIMESTAMP WITH TIME ZONE DEFAULT CURRENT_TIMESTAMP,
    deleted_at TIMESTAMP WITH TIME ZONE
);

-- テーブル削除と作成: choices
DROP TABLE IF EXISTS choices CASCADE;
CREATE TABLE choices (
    id TEXT PRIMARY KEY,
    question_id TEXT,
    text TEXT,
    is_correct BOOLEAN,
    created_at TIMESTAMP WITH TIME ZONE DEFAULT CURRENT_TIMESTAMP,
    updated_at TIMESTAMP WITH TIME ZONE DEFAULT CURRENT_TIMESTAMP,
    deleted_at TIMESTAMP WITH TIME ZONE
);

-- テーブル削除と作成: grades
DROP TABLE IF EXISTS grades CASCADE;
CREATE TABLE grades (
    id TEXT PRIMARY KEY,
    name TEXT,
    created_at TIMESTAMP WITH TIME ZONE DEFAULT CURRENT_TIMESTAMP,
    updated_at TIMESTAMP WITH TIME ZONE DEFAULT CURRENT_TIMESTAMP,
    deleted_at TIMESTAMP WITH TIME ZONE
);

-- テーブル削除と作成: users
DROP TABLE IF EXISTS users CASCADE;
CREATE TABLE users (
    id TEXT PRIMARY KEY,
    name TEXT,
    grade_id TEXT,
    birthday TIMESTAMP WITH TIME ZONE,
    gender TEXT,
    address TEXT,
    email TEXT,
    created_at TIMESTAMP WITH TIME ZONE DEFAULT CURRENT_TIMESTAMP,
    updated_at TIMESTAMP WITH TIME ZONE DEFAULT CURRENT_TIMESTAMP,
    deleted_at TIMESTAMP WITH TIME ZONE
);

-- テーブル削除と作成: user_subjects
DROP TABLE IF EXISTS user_subjects CASCADE;
CREATE TABLE user_subjects (
    id TEXT PRIMARY KEY,
    user_id TEXT,
    subject_id TEXT,
    created_at TIMESTAMP WITH TIME ZONE DEFAULT CURRENT_TIMESTAMP,
    updated_at TIMESTAMP WITH TIME ZONE DEFAULT CURRENT_TIMESTAMP,
    deleted_at TIMESTAMP WITH TIME ZONE
);

-- テーブル削除と作成: user_classes
DROP TABLE IF EXISTS user_classes CASCADE;
CREATE TABLE user_classes (
    id TEXT PRIMARY KEY,
    user_id TEXT,
    class_id TEXT,
    created_at TIMESTAMP WITH TIME ZONE DEFAULT CURRENT_TIMESTAMP,
    updated_at TIMESTAMP WITH TIME ZONE DEFAULT CURRENT_TIMESTAMP,
    deleted_at TIMESTAMP WITH TIME ZONE
);

-- テーブル削除と作成: subjects
DROP TABLE IF EXISTS subjects CASCADE;
CREATE TABLE subjects (
    id TEXT PRIMARY KEY,
    name TEXT,
    created_at TIMESTAMP WITH TIME ZONE DEFAULT CURRENT_TIMESTAMP,
    updated_at TIMESTAMP WITH TIME ZONE DEFAULT CURRENT_TIMESTAMP,
    deleted_at TIMESTAMP WITH TIME ZONE
);

-- テーブル削除と作成: classes
DROP TABLE IF EXISTS classes CASCADE;
CREATE TABLE classes (
    id TEXT PRIMARY KEY,
    name TEXT,
    subject_id TEXT,
    created_at TIMESTAMP WITH TIME ZONE DEFAULT CURRENT_TIMESTAMP,
    updated_at TIMESTAMP WITH TIME ZONE DEFAULT CURRENT_TIMESTAMP,
    deleted_at TIMESTAMP WITH TIME ZONE
);

-- テーブル削除と作成: user_progresses
DROP TABLE IF EXISTS user_progresses CASCADE;
CREATE TABLE user_progresses (
    id TEXT PRIMARY KEY,
    lecture_id TEXT,
    user_id TEXT,
    created_at TIMESTAMP WITH TIME ZONE DEFAULT CURRENT_TIMESTAMP,
    updated_at TIMESTAMP WITH TIME ZONE DEFAULT CURRENT_TIMESTAMP,
    deleted_at TIMESTAMP WITH TIME ZONE
);

-- テーブル削除と作成: segments_local
DROP TABLE IF EXISTS segments_local CASCADE;
CREATE TABLE segments_local (
    id TEXT PRIMARY KEY,
    lecture_id TEXT,
    user_id TEXT,
    tags TEXT[],
    script TEXT,
    prev TEXT,
    next TEXT,
    content TEXT,
    page INT,
    voice TEXT,
    structure_id TEXT,
    created_at TIMESTAMP WITH TIME ZONE DEFAULT CURRENT_TIMESTAMP,
    updated_at TIMESTAMP WITH TIME ZONE DEFAULT CURRENT_TIMESTAMP,
    deleted_at TIMESTAMP WITH TIME ZONE
);

-- テーブル削除と作成: chats
DROP TABLE IF EXISTS chats CASCADE;
CREATE TABLE chats (
    id TEXT PRIMARY KEY,
    user_id TEXT,
    segment_id TEXT,
    created_at TIMESTAMP WITH TIME ZONE DEFAULT CURRENT_TIMESTAMP,
    updated_at TIMESTAMP WITH TIME ZONE DEFAULT CURRENT_TIMESTAMP,
    deleted_at TIMESTAMP WITH TIME ZONE
);

-- テーブル削除と作成: messages
DROP TABLE IF EXISTS messages CASCADE;
CREATE TABLE messages (
    id TEXT PRIMARY KEY,
    is_user BOOLEAN,
    chat_id TEXT,
    prev TEXT,
    next TEXT,
    message TEXT,
    created_at TIMESTAMP WITH TIME ZONE DEFAULT CURRENT_TIMESTAMP,
    updated_at TIMESTAMP WITH TIME ZONE DEFAULT CURRENT_TIMESTAMP,
    deleted_at TIMESTAMP WITH TIME ZONE
);

DROP TABLE IF EXISTS quiz_results CASCADE;
CREATE TABLE quiz_results (
    id TEXT PRIMARY KEY,
    test_id TEXT NOT NULL,
    question_id TEXT NOT NULL,
    choice_id TEXT NOT NULL,
    user_id TEXT NOT NULL,
    created_at TIMESTAMP WITH TIME ZONE DEFAULT CURRENT_TIMESTAMP,
    updated_at TIMESTAMP WITH TIME ZONE DEFAULT CURRENT_TIMESTAMP,
    deleted_at TIMESTAMP WITH TIME ZONE
);

-- サンプルデータの挿入: grades
INSERT INTO grades (id, name) VALUES
('g1', '中学1年'),
('g2', '中学2年'),
('g3', '中学3年'),
('g4', '高校1年'),
('g5', '高校2年'),
('g6', '高校3年');

-- サンプルデータの挿入: subjects
INSERT INTO subjects (id, name) VALUES
('sub1', '数学'),
('sub2', '英語'),
('sub3', '国語'),
('sub4', '物理'),
('sub5', '化学'),
('sub6', '生物'),
('sub7', '地学'),
('sub8', '地理'),
('sub9', '日本史'),
('sub10', '世界史');

-- サンプルデータの挿入: classes
INSERT INTO classes (id, name, subject_id) VALUES
('class1', 'Class A', 'sub1'),
('class2', 'Class B', 'sub2'),
('class3', 'Class C', 'sub3'),
('class4', 'Class D', 'sub4');

-- サンプルデータの挿入: users
INSERT INTO users (id, name, grade_id, birthday, gender, address, email) VALUES
('user1', 'サトウタロウ', 'g1', '2010-01-01', 'Male', '123メインストリート', 'sato@example.com'),
('user2', 'タナカハナコ', 'g2', '2011-02-02', 'Female', '456オークストリート', 'tanaka@example.com'),
('user3', 'スズキエリカ', 'g3', '2009-03-03', 'Female', '789パインストリート', 'suzuki@example.com'),
('user4', 'ナカムラタカシ', 'g4', '2008-04-04', 'Male', '101メイプルストリート', 'nakamura@example.com');

-- サンプルデータの挿入: courses
INSERT INTO courses (id, name, description, grade_id, subject, class, level) VALUES
('course1', '数学1', '数学1基礎', 'g4', 'sub1', 'class1', '基礎'),
('course2', '数学A', '数学A基礎', 'g4', 'sub1', 'class2', '基礎'),
('course3', '数学2', '数学2基礎', 'g5', 'sub1', 'class1', '基礎'),
('course4', '数学B', '数学B基礎', 'g5', 'sub1', 'class2', '基礎'),
('course5', '数学3', '数学3基礎', 'g6', 'sub1', 'class1', '基礎'),
('course6', '数学C', '数学C基礎', 'g6', 'sub1', 'class2', '基礎');

-- サンプルデータの挿入: lectures
INSERT INTO lectures (id, course_id, name, description, prev, next) VALUES
-- 数学1 (course1)
('lec1', 'course1', '数と式', '数と式に関する基礎的な内容を学ぶ。', NULL, 'lec2'),
('lec2', 'course1', '集合と命題', '集合の概念と命題論理について学ぶ。', 'lec1', 'lec3'),
('lec3', 'course1', '一次関数', '一次関数の基礎を学ぶ。', 'lec2', 'lec4'),
('lec4', 'course1', '二次関数', '二次関数の性質について学ぶ。', 'lec3', NULL),

-- 数学A (course2)
('lec5', 'course2', '場合の数', '場合の数に関する基本的な考え方を学ぶ。', NULL, 'lec7'),
('lec6', 'course2', '確率', '確率の基本的な計算と応用を学ぶ。', 'lec6', 'lec8'),
('lec7', 'course2', '整数の性質', '整数の性質についての理解を深める。', 'lec7', 'lec9'),
('lec8', 'course2', '合同式', '合同式を用いた整数の性質について学ぶ。', 'lec8', NULL),

-- 数学2 (course3)
('lec9', 'course3', '式と証明', '数式の扱いと証明方法を学ぶ。', NULL, 'lec11'),
('lec10', 'course3', '図形と方程式', '図形と方程式の関係について学ぶ。', 'lec10', 'lec12'),
('lec11', 'course3', '三角関数', '三角関数の基本的な概念を学ぶ。', 'lec11', 'lec13'),
('lec12', 'course3', '指数・対数', '指数関数と対数関数の基本的な性質と応用を学ぶ。', 'lec12', 'lec14'),
('lec13', 'course3', '微分法の基礎', '微分の基本的な概念を学ぶ。', 'lec13', 'lec15'),
('lec14', 'course3', '積分法の基礎', '積分の基本的な概念を学ぶ。', 'lec14', NULL),

-- 数学B (course4)
('lec15', 'course4', 'ベクトル', 'ベクトルの基本的な性質と計算を学ぶ。', NULL, 'lec16'),
('lec16', 'course4', '数列', '数列の基本的な概念と応用を学ぶ。', 'lec15', 'lec17'),
('lec17', 'course4', '漸化式', '漸化式の解法と応用を学ぶ。', 'lec16', 'lec18'),
('lec18', 'course4', '統計処理', '統計に基づく処理と分析を学ぶ。', 'lec17', NULL),

-- 数学3 (course5)
('lec19', 'course5', '微分', '関数の微分の基本と応用を学ぶ。', NULL, 'lec20'),
('lec20', 'course5', '積分', '積分の基本的な計算方法と応用を学ぶ。', 'lec19', 'lec21'),
('lec21', 'course5', '微分積分の応用', '微分積分の応用問題を解く。', 'lec20', NULL),

-- 数学C (course6)
('lec22', 'course6', '複素数平面', '複素数平面とその応用について学ぶ。', NULL, 'lec23'),
('lec23', 'course6', '行列', '行列の基本的な性質と計算を学ぶ。', 'lec22', 'lec24'),
('lec24', 'course6', '行列の応用', '行列を用いた応用問題を解く。', 'lec23', NULL);

-- サンプルデータの挿入: structures
INSERT INTO structures (id, lecture_id, name, type) VALUES
('str0', 'lec11', 'タイトル', 'h1'),
('str1', 'lec11', '図形と方程式の基本的な考え方', 'h1'),
('str2', 'lec11', '直線の方程式', 'h1'),
('str3', 'lec11', '例題1', 'h2'),
('str4', 'lec11', '例題1の解説(1)', 'h2'),
('str5', 'lec11', '例題1の解説(2)', 'h2'),
('str6', 'lec11', '例題2', 'h1'),
('str7', 'lec11', '例題2の解説(1)', 'h2'),
('str8', 'lec11', '例題2の解説(2)', 'h2'),
('str9', 'lec11', '円の方程式', 'h2'),
('str10', 'lec11', '例題3', 'h1'),
('str11', 'lec11', '例題3の解説(1)', 'h2'),
('str12', 'lec11', '例題3の解説(2)', 'h2'),
('str13', 'lec11', '内分点と外分点', 'h1'),
('str14', 'lec11', '例題4', 'h2'),
('str15', 'lec11', '例題4の解説(1)', 'h2'),
('str16', 'lec11', '例題4の解説(2)', 'h'),
('str17', 'lec11', '2点間の距離', 'h1'),
('str18', 'lec11', '例題5', 'h2'),
('str19', 'lec11', '例題5の解説', 'h2'),
('str20', 'lec11', '中点の座標', 'h1'),
('str21', 'lec11', '例題6', 'h2'),
('str22', 'lec11', '例題6の解説', 'h2'),
('str23', 'lec11', '', 'h'),
('str24', 'lec11', '', 'h'),
('str25', 'lec11', '', 'h'),
('str26', 'lec11', '', 'h'),
('str27', 'lec11', '', 'h'),
('str28', 'lec11', '', 'h'),
('str29', 'lec11', '', 'h'),
('str30', 'lec11', 'まとめ', 'h1');

-- サンプルデータの挿入: segments
INSERT INTO segments (id, lecture_id, tags, prev, next, content, voice, script, structure_id) VALUES
('seg0', 'lec11', '{"","",""}', NULL, 'seg1', '        <svg xmlns="http://www.w3.org/2000/svg" viewBox="0 0 676 302">        <foreignObject x= "50" y="0" width="90%" height="100%">            <div xmlns="http://www.w3.org/1999/xhtml">            <style>html {color: #1a1a1a;background-color: #fdfdfd;}body {margin: 0 auto;max-width: 36em;padding-left: 50px;padding-right: 50px;padding-top: 50px;padding-bottom: 50px;hyphens: auto;overflow-wrap: break-word;text-rendering: optimizeLegibility;font-kerning: normal;}@media (max-width: 600px) {body {font-size: 0.9em;padding: 12px;}h1 {font-size: 1.8em;}}@media print {html {background-color: white;}body {background-color: transparent;color: black;font-size: 12pt;}p, h2, h3 {orphans: 3;widows: 3;}h2, h3, h4 {page-break-after: avoid;}}p {margin: 1em 0;}a {color: #1a1a1a;}a:visited {color: #1a1a1a;}img {max-width: 100%;}svg {height: auto;max-width: 100%;}h1, h2, h3, h4, h5, h6 {margin-top: 1.4em;}h5, h6 {font-size: 1em;font-style: italic;}h6 {font-weight: normal;}ol, ul {padding-left: 1.7em;margin-top: 1em;}li > ol, li > ul {margin-top: 0;}blockquote {margin: 1em 0 1em 1.7em;padding-left: 1em;border-left: 2px solid #e6e6e6;color: #606060;}code {font-family: Menlo, Monaco, Consolas, ''Lucida Console'', monospace;font-size: 85%;margin: 0;hyphens: manual;}pre {margin: 1em 0;overflow: auto;}pre code {padding: 0;overflow: visible;overflow-wrap: normal;}.sourceCode {background-color: transparent;overflow: visible;}hr {background-color: #1a1a1a;border: none;height: 1px;margin: 1em 0;}table {margin: 1em 0;border-collapse: collapse;width: 100%;overflow-x: auto;display: block;font-variant-numeric: lining-nums tabular-nums;}table caption {margin-bottom: 0.75em;}tbody {margin-top: 0.5em;border-top: 1px solid #1a1a1a;border-bottom: 1px solid #1a1a1a;}th {border-top: 1px solid #1a1a1a;padding: 0.25em 0.5em 0.25em 0.5em;}td {padding: 0.125em 0.5em 0.25em 0.5em;}header {margin-bottom: 4em;text-align: center;}#TOC li {list-style: none;}#TOC ul {padding-left: 1.3em;}#TOC > ul {padding-left: 0;}#TOC a:not(:hover) {text-decoration: none;}code{white-space: pre-wrap;}span.smallcaps{font-variant: small-caps;}div.columns{display: flex; gap: min(4vw, 1.5em);}div.column{flex: auto; overflow-x: auto;}div.hanging-indent{margin-left: 1.5em; text-indent: -1.5em;}ul.task-list[class]{list-style: none;}ul.task-list li input[type="checkbox"] {font-size: inherit;width: 0.8em;margin: 0 0.8em 0.2em -1.6em;vertical-align: middle;}</style><h1 id="図形と方程式">図形と方程式</h1><p>「図形と方程式」は高校数学でとても重要な単元です。ここでは、<strong>図形を数式で表したり、数式から図形を描いたり</strong>します。</p>            </div>        </foreignObject>        </svg>        ', 'https://firebasestorage.googleapis.com/v0/b/fairedu-eb4f7.appspot.com/o/segment_0.mp3?alt=media&token=2e1f0e85-9b14-40f5-b58e-6529eb76ccc0', '「図形と方程式」は高校数学でとても重要な単元です。ここでは、図形を数式で表したり、数式から図形を描いたりします。この分野を理解すると、数学全体の力がぐんと伸びます！では、次のステップから具体的な内容について学んでみましょう！', 'str0'),
('seg1', 'lec11', '{"座標平面","点の集合"}', 'seg0', 'seg2', '        <svg xmlns="http://www.w3.org/2000/svg" viewBox="0 0 676 382">        <foreignObject x= "50" y="0" width="90%" height="100%">            <div xmlns="http://www.w3.org/1999/xhtml">            <style>html {color: #1a1a1a;background-color: #fdfdfd;}body {margin: 0 auto;max-width: 36em;padding-left: 50px;padding-right: 50px;padding-top: 50px;padding-bottom: 50px;hyphens: auto;overflow-wrap: break-word;text-rendering: optimizeLegibility;font-kerning: normal;}@media (max-width: 600px) {body {font-size: 0.9em;padding: 12px;}h1 {font-size: 1.8em;}}@media print {html {background-color: white;}body {background-color: transparent;color: black;font-size: 12pt;}p, h2, h3 {orphans: 3;widows: 3;}h2, h3, h4 {page-break-after: avoid;}}p {margin: 1em 0;}a {color: #1a1a1a;}a:visited {color: #1a1a1a;}img {max-width: 100%;}svg {height: auto;max-width: 100%;}h1, h2, h3, h4, h5, h6 {margin-top: 1.4em;}h5, h6 {font-size: 1em;font-style: italic;}h6 {font-weight: normal;}ol, ul {padding-left: 1.7em;margin-top: 1em;}li > ol, li > ul {margin-top: 0;}blockquote {margin: 1em 0 1em 1.7em;padding-left: 1em;border-left: 2px solid #e6e6e6;color: #606060;}code {font-family: Menlo, Monaco, Consolas, ''Lucida Console'', monospace;font-size: 85%;margin: 0;hyphens: manual;}pre {margin: 1em 0;overflow: auto;}pre code {padding: 0;overflow: visible;overflow-wrap: normal;}.sourceCode {background-color: transparent;overflow: visible;}hr {background-color: #1a1a1a;border: none;height: 1px;margin: 1em 0;}table {margin: 1em 0;border-collapse: collapse;width: 100%;overflow-x: auto;display: block;font-variant-numeric: lining-nums tabular-nums;}table caption {margin-bottom: 0.75em;}tbody {margin-top: 0.5em;border-top: 1px solid #1a1a1a;border-bottom: 1px solid #1a1a1a;}th {border-top: 1px solid #1a1a1a;padding: 0.25em 0.5em 0.25em 0.5em;}td {padding: 0.125em 0.5em 0.25em 0.5em;}header {margin-bottom: 4em;text-align: center;}#TOC li {list-style: none;}#TOC ul {padding-left: 1.3em;}#TOC > ul {padding-left: 0;}#TOC a:not(:hover) {text-decoration: none;}code{white-space: pre-wrap;}span.smallcaps{font-variant: small-caps;}div.columns{display: flex; gap: min(4vw, 1.5em);}div.column{flex: auto; overflow-x: auto;}div.hanging-indent{margin-left: 1.5em; text-indent: -1.5em;}ul.task-list[class]{list-style: none;}ul.task-list li input[type="checkbox"] {font-size: inherit;width: 0.8em;margin: 0 0.8em 0.2em -1.6em;vertical-align: middle;}</style><h2 id="基本的な考え方">1. 基本的な考え方</h2><p>「図形と方程式」では、<strong>座標平面</strong>（通常は<math display="inline" xmlns="http://www.w3.org/1998/Math/MathML"><semantics><mi>x</mi><annotation encoding="application/x-tex">x</annotation></semantics></math>-軸と<math display="inline" xmlns="http://www.w3.org/1998/Math/MathML"><semantics><mi>y</mi><annotation encoding="application/x-tex">y</annotation></semantics></math>-軸からなる二次元平面）上で図形を扱います。座標平面は、横の数直線（<math display="inline" xmlns="http://www.w3.org/1998/Math/MathML"><semantics><mi>x</mi><annotation encoding="application/x-tex">x</annotation></semantics></math>-軸）と縦の数直線（<math display="inline" xmlns="http://www.w3.org/1998/Math/MathML"><semantics><mi>y</mi><annotation encoding="application/x-tex">y</annotation></semantics></math>-軸）を使って、平面上の点の位置を表します。例えば、点<math display="inline" xmlns="http://www.w3.org/1998/Math/MathML"><semantics><mrow><mo form="prefix" stretchy="true">(</mo><mn>3</mn><mo>,</mo><mn>2</mn><mo form="postfix" stretchy="true">)</mo></mrow><annotation encoding="application/x-tex">(3, 2)</annotation></semantics></math>は原点<math display="inline" xmlns="http://www.w3.org/1998/Math/MathML"><semantics><mi>O</mi><annotation encoding="application/x-tex">O</annotation></semantics></math>から右に3、上に2進んだ場所です。</p><p>図形を方程式で表すことで、その性質を数式で解析できます。</p><p>また、座標平面上の図形は、<strong>点の集合</strong>として理解できます。</p>            </div>        </foreignObject>        </svg>        ', 'https://firebasestorage.googleapis.com/v0/b/fairedu-eb4f7.appspot.com/o/segment_1.mp3?alt=media&token=47be7835-17a2-4db8-84cf-4b9890c8cebd', '「図形と方程式」では、座標平面、すなわち、つうじょうはエックスじくとワイじくからなるにじげんへいめん上でずけいをあつかいます。座標平面は、よこのすうちょくせん、エックス-じくと、たてのすうちょくせん、ワイじくをつかって、へいめんじょうのてんのいちをあらわします。たとえば、てん　(さん、に) はげんてん　オーからみぎにさん、うえににすすんだばしょです。ずけいをほうていしきであらわすことで、そのせいしつをすうしきでかいせきできます。また、座標平面じょうのずけいは、てんのしゅうごうとしてりかいできます。', 'str1'),
('seg2', 'lec11', '{"直線の方程式の基本","傾き切片形式","点傾き形式"}', 'seg1', 'seg3', '        <svg xmlns="http://www.w3.org/2000/svg" viewBox="0 0 676 622">        <foreignObject x= "50" y="0" width="90%" height="100%">            <div xmlns="http://www.w3.org/1999/xhtml">            <style>html {color: #1a1a1a;background-color: #fdfdfd;}body {margin: 0 auto;max-width: 36em;padding-left: 50px;padding-right: 50px;padding-top: 50px;padding-bottom: 50px;hyphens: auto;overflow-wrap: break-word;text-rendering: optimizeLegibility;font-kerning: normal;}@media (max-width: 600px) {body {font-size: 0.9em;padding: 12px;}h1 {font-size: 1.8em;}}@media print {html {background-color: white;}body {background-color: transparent;color: black;font-size: 12pt;}p, h2, h3 {orphans: 3;widows: 3;}h2, h3, h4 {page-break-after: avoid;}}p {margin: 1em 0;}a {color: #1a1a1a;}a:visited {color: #1a1a1a;}img {max-width: 100%;}svg {height: auto;max-width: 100%;}h1, h2, h3, h4, h5, h6 {margin-top: 1.4em;}h5, h6 {font-size: 1em;font-style: italic;}h6 {font-weight: normal;}ol, ul {padding-left: 1.7em;margin-top: 1em;}li > ol, li > ul {margin-top: 0;}blockquote {margin: 1em 0 1em 1.7em;padding-left: 1em;border-left: 2px solid #e6e6e6;color: #606060;}code {font-family: Menlo, Monaco, Consolas, ''Lucida Console'', monospace;font-size: 85%;margin: 0;hyphens: manual;}pre {margin: 1em 0;overflow: auto;}pre code {padding: 0;overflow: visible;overflow-wrap: normal;}.sourceCode {background-color: transparent;overflow: visible;}hr {background-color: #1a1a1a;border: none;height: 1px;margin: 1em 0;}table {margin: 1em 0;border-collapse: collapse;width: 100%;overflow-x: auto;display: block;font-variant-numeric: lining-nums tabular-nums;}table caption {margin-bottom: 0.75em;}tbody {margin-top: 0.5em;border-top: 1px solid #1a1a1a;border-bottom: 1px solid #1a1a1a;}th {border-top: 1px solid #1a1a1a;padding: 0.25em 0.5em 0.25em 0.5em;}td {padding: 0.125em 0.5em 0.25em 0.5em;}header {margin-bottom: 4em;text-align: center;}#TOC li {list-style: none;}#TOC ul {padding-left: 1.3em;}#TOC > ul {padding-left: 0;}#TOC a:not(:hover) {text-decoration: none;}code{white-space: pre-wrap;}span.smallcaps{font-variant: small-caps;}div.columns{display: flex; gap: min(4vw, 1.5em);}div.column{flex: auto; overflow-x: auto;}div.hanging-indent{margin-left: 1.5em; text-indent: -1.5em;}ul.task-list[class]{list-style: none;}ul.task-list li input[type="checkbox"] {font-size: inherit;width: 0.8em;margin: 0 0.8em 0.2em -1.6em;vertical-align: middle;}</style><h2 id="直線の方程式">2. 直線の方程式</h2><h3 id="直線の方程式の形式">直線の方程式の形式</h3><p>直線の方程式にはいくつかの形式があります。</p><ol type="1"><li><p><strong>傾き・切片形式</strong></p><p><math display="block" xmlns="http://www.w3.org/1998/Math/MathML"><semantics><mrow><mi>y</mi><mo>=</mo><mi>m</mi><mi>x</mi><mo>+</mo><mi>b</mi></mrow><annotation encoding="application/x-tex">y = mx + b</annotation></semantics></math></p><ul><li><math display="inline" xmlns="http://www.w3.org/1998/Math/MathML"><semantics><mi>m</mi><annotation encoding="application/x-tex">m</annotation></semantics></math>は傾き、<math display="inline" xmlns="http://www.w3.org/1998/Math/MathML"><semantics><mi>b</mi><annotation encoding="application/x-tex">b</annotation></semantics></math>は<math display="inline" xmlns="http://www.w3.org/1998/Math/MathML"><semantics><mi>y</mi><annotation encoding="application/x-tex">y</annotation></semantics></math>-切片（<math display="inline" xmlns="http://www.w3.org/1998/Math/MathML"><semantics><mi>y</mi><annotation encoding="application/x-tex">y</annotation></semantics></math>軸との交点）です。</li></ul></li><li><p><strong>点・傾き形式</strong></p><p><math display="block" xmlns="http://www.w3.org/1998/Math/MathML"><semantics><mrow><mi>y</mi><mo>−</mo><msub><mi>y</mi><mn>1</mn></msub><mo>=</mo><mi>m</mi><mrow><mo form="prefix" stretchy="true">(</mo><mi>x</mi><mo>−</mo><msub><mi>x</mi><mn>1</mn></msub><mo form="postfix" stretchy="true">)</mo></mrow></mrow><annotation encoding="application/x-tex">y - y_1 = m(x - x_1)</annotation></semantics></math></p><ul><li><math display="inline" xmlns="http://www.w3.org/1998/Math/MathML"><semantics><mrow><mo form="prefix" stretchy="true">(</mo><msub><mi>x</mi><mn>1</mn></msub><mo>,</mo><msub><mi>y</mi><mn>1</mn></msub><mo form="postfix" stretchy="true">)</mo></mrow><annotation encoding="application/x-tex">(x_1, y_1)</annotation></semantics></math>は直線上の一点。</li></ul></li><li><p><strong>一般形式</strong></p><p><math display="block" xmlns="http://www.w3.org/1998/Math/MathML"><semantics><mrow><mi>a</mi><mi>x</mi><mo>+</mo><mi>b</mi><mi>y</mi><mo>+</mo><mi>c</mi><mo>=</mo><mn>0</mn></mrow><annotation encoding="application/x-tex">ax + by + c = 0</annotation></semantics></math></p><ul><li><math display="inline" xmlns="http://www.w3.org/1998/Math/MathML"><semantics><mi>a</mi><annotation encoding="application/x-tex">a</annotation></semantics></math>,<math display="inline" xmlns="http://www.w3.org/1998/Math/MathML"><semantics><mi>b</mi><annotation encoding="application/x-tex">b</annotation></semantics></math>,<math display="inline" xmlns="http://www.w3.org/1998/Math/MathML"><semantics><mi>c</mi><annotation encoding="application/x-tex">c</annotation></semantics></math>は定数。</li></ul></li></ol>            </div>        </foreignObject>        </svg>        ', 'https://firebasestorage.googleapis.com/v0/b/fairedu-eb4f7.appspot.com/o/segment_2.mp3?alt=media&token=795bbd5f-f86a-4833-8c10-bf96827bfb3b', '## 2. 直線の方程式### 直線の方程式の形式直線の方程式にはいくつかの形式があります。1. **傾き・切片形式**   ワイ　イコール　エム　エックス　プラス　ビー   - エムは傾き、ビーはワイ切片（ワイ　やくとのこうてん）です。2. **点・傾き形式**   ワイ　マイナス　ワイ　1　イコール　エム　かっこ　エックス　マイナス　エックス　1　かっこ   - かっこ　エックス　1　カンマ　ワイ　1　は直線上の一点を表しています。3. **一般形式**   エー　エックス　プラス　ビー　ワイ　プラス　シー　イコール　ゼロ   - エー、ビー、シーは定数を表しています。', 'str2'),
('seg3', 'lec11', '{"例題1の問題","点(2,3)と点(6,7)"}', 'seg2', 'seg4', '        <svg xmlns="http://www.w3.org/2000/svg" viewBox="0 0 676 213">        <foreignObject x= "50" y="0" width="90%" height="100%">            <div xmlns="http://www.w3.org/1999/xhtml">            <style>html {color: #1a1a1a;background-color: #fdfdfd;}body {margin: 0 auto;max-width: 36em;padding-left: 50px;padding-right: 50px;padding-top: 50px;padding-bottom: 50px;hyphens: auto;overflow-wrap: break-word;text-rendering: optimizeLegibility;font-kerning: normal;}@media (max-width: 600px) {body {font-size: 0.9em;padding: 12px;}h1 {font-size: 1.8em;}}@media print {html {background-color: white;}body {background-color: transparent;color: black;font-size: 12pt;}p, h2, h3 {orphans: 3;widows: 3;}h2, h3, h4 {page-break-after: avoid;}}p {margin: 1em 0;}a {color: #1a1a1a;}a:visited {color: #1a1a1a;}img {max-width: 100%;}svg {height: auto;max-width: 100%;}h1, h2, h3, h4, h5, h6 {margin-top: 1.4em;}h5, h6 {font-size: 1em;font-style: italic;}h6 {font-weight: normal;}ol, ul {padding-left: 1.7em;margin-top: 1em;}li > ol, li > ul {margin-top: 0;}blockquote {margin: 1em 0 1em 1.7em;padding-left: 1em;border-left: 2px solid #e6e6e6;color: #606060;}code {font-family: Menlo, Monaco, Consolas, ''Lucida Console'', monospace;font-size: 85%;margin: 0;hyphens: manual;}pre {margin: 1em 0;overflow: auto;}pre code {padding: 0;overflow: visible;overflow-wrap: normal;}.sourceCode {background-color: transparent;overflow: visible;}hr {background-color: #1a1a1a;border: none;height: 1px;margin: 1em 0;}table {margin: 1em 0;border-collapse: collapse;width: 100%;overflow-x: auto;display: block;font-variant-numeric: lining-nums tabular-nums;}table caption {margin-bottom: 0.75em;}tbody {margin-top: 0.5em;border-top: 1px solid #1a1a1a;border-bottom: 1px solid #1a1a1a;}th {border-top: 1px solid #1a1a1a;padding: 0.25em 0.5em 0.25em 0.5em;}td {padding: 0.125em 0.5em 0.25em 0.5em;}header {margin-bottom: 4em;text-align: center;}#TOC li {list-style: none;}#TOC ul {padding-left: 1.3em;}#TOC > ul {padding-left: 0;}#TOC a:not(:hover) {text-decoration: none;}code{white-space: pre-wrap;}span.smallcaps{font-variant: small-caps;}div.columns{display: flex; gap: min(4vw, 1.5em);}div.column{flex: auto; overflow-x: auto;}div.hanging-indent{margin-left: 1.5em; text-indent: -1.5em;}ul.task-list[class]{list-style: none;}ul.task-list li input[type="checkbox"] {font-size: inherit;width: 0.8em;margin: 0 0.8em 0.2em -1.6em;vertical-align: middle;}</style><h3 id="例題1">【例題1】</h3><p><strong>点 A(2, 3) と点 B(6, 7)を通る直線の方程式を求めてください。</strong></p>            </div>        </foreignObject>        </svg>        ', 'https://firebasestorage.googleapis.com/v0/b/fairedu-eb4f7.appspot.com/o/segment_3.mp3?alt=media&token=63dc929a-0fd0-49fb-a3ba-528c7c79bc13', '実際に例題を解いてみましょう！てん エー　に　(2, 3)　と　てん ビー　に　(6, 7)　を　通る　ちょくせん　の　ほうていしきを　もとめてください。', 'str3'),
('seg4', 'lec11', '{"例題1の解答","y=x+1"}', 'seg3', 'seg5', '        <svg xmlns="http://www.w3.org/2000/svg" viewBox="0 0 676 567">        <foreignObject x= "50" y="0" width="90%" height="100%">            <div xmlns="http://www.w3.org/1999/xhtml">            <style>html {color: #1a1a1a;background-color: #fdfdfd;}body {margin: 0 auto;max-width: 36em;padding-left: 50px;padding-right: 50px;padding-top: 50px;padding-bottom: 50px;hyphens: auto;overflow-wrap: break-word;text-rendering: optimizeLegibility;font-kerning: normal;}@media (max-width: 600px) {body {font-size: 0.9em;padding: 12px;}h1 {font-size: 1.8em;}}@media print {html {background-color: white;}body {background-color: transparent;color: black;font-size: 12pt;}p, h2, h3 {orphans: 3;widows: 3;}h2, h3, h4 {page-break-after: avoid;}}p {margin: 1em 0;}.bold-math {    font-weight: bold;}a {color: #1a1a1a;}a:visited {color: #1a1a1a;}img {max-width: 100%;}svg {height: auto;max-width: 100%;}h1, h2, h3, h4, h5, h6 {margin-top: 1.4em;}h5, h6 {font-size: 1em;font-style: italic;}h6 {font-weight: normal;}ol, ul {padding-left: 1.7em;margin-top: 1em;}li > ol, li > ul {margin-top: 0;}blockquote {margin: 1em 0 1em 1.7em;padding-left: 1em;border-left: 2px solid #e6e6e6;color: #606060;}code {font-family: Menlo, Monaco, Consolas, ''Lucida Console'', monospace;font-size: 85%;margin: 0;hyphens: manual;}pre {margin: 1em 0;overflow: auto;}pre code {padding: 0;overflow: visible;overflow-wrap: normal;}.sourceCode {background-color: transparent;overflow: visible;}hr {background-color: #1a1a1a;border: none;height: 1px;margin: 1em 0;}table {margin: 1em 0;border-collapse: collapse;width: 100%;overflow-x: auto;display: block;font-variant-numeric: lining-nums tabular-nums;}table caption {margin-bottom: 0.75em;}tbody {margin-top: 0.5em;border-top: 1px solid #1a1a1a;border-bottom: 1px solid #1a1a1a;}th {border-top: 1px solid #1a1a1a;padding: 0.25em 0.5em 0.25em 0.5em;}td {padding: 0.125em 0.5em 0.25em 0.5em;}header {margin-bottom: 4em;text-align: center;}#TOC li {list-style: none;}#TOC ul {padding-left: 1.3em;}#TOC > ul {padding-left: 0;}#TOC a:not(:hover) {text-decoration: none;}code{white-space: pre-wrap;}span.smallcaps{font-variant: small-caps;}div.columns{display: flex; gap: min(4vw, 1.5em);}div.column{flex: auto; overflow-x: auto;}div.hanging-indent{margin-left: 1.5em; text-indent: -1.5em;}ul.task-list[class]{list-style: none;}ul.task-list li input[type="checkbox"] {font-size: inherit;width: 0.8em;margin: 0 0.8em 0.2em -1.6em;vertical-align: middle;}</style><h4 id="解答">【解答】</h4><ol type="1"><li><p><strong>傾き<math display="inline" xmlns="http://www.w3.org/1998/Math/MathML"><semantics><mi>m</mi><annotation encoding="application/x-tex">m</annotation></semantics></math>を求めます</strong></p><p><math display="block" xmlns="http://www.w3.org/1998/Math/MathML"><semantics><mrow><mi>m</mi><mo>=</mo><mfrac><mrow><msub><mi>y</mi><mn>2</mn></msub><mo>−</mo><msub><mi>y</mi><mn>1</mn></msub></mrow><mrow><msub><mi>x</mi><mn>2</mn></msub><mo>−</mo><msub><mi>x</mi><mn>1</mn></msub></mrow></mfrac><mo>=</mo><mfrac><mrow><mn>7</mn><mo>−</mo><mn>3</mn></mrow><mrow><mn>6</mn><mo>−</mo><mn>2</mn></mrow></mfrac><mo>=</mo><mfrac><mn>4</mn><mn>4</mn></mfrac><mo>=</mo><mn>1</mn></mrow><annotation encoding="application/x-tex">m = \frac{y_2 - y_1}{x_2 - x_1} = \frac{7 - 3}{6 - 2} = \frac{4}{4} = 1</annotation></semantics></math></p></li><li><p><strong>点 A(2, 3)を通るので、点傾きの式に代入します</strong></p><p><math display="block" xmlns="http://www.w3.org/1998/Math/MathML"><semantics><mrow><mi>y</mi><mo>−</mo><msub><mi>y</mi><mn>1</mn></msub><mo>=</mo><mi>m</mi><mrow><mo form="prefix" stretchy="true">(</mo><mi>x</mi><mo>−</mo><msub><mi>x</mi><mn>1</mn></msub><mo form="postfix" stretchy="true">)</mo></mrow></mrow><annotation encoding="application/x-tex">y - y_1 = m(x - x_1)</annotation></semantics></math></p><p>に代入すると、</p><p><math display="block" xmlns="http://www.w3.org/1998/Math/MathML"><semantics><mrow><mi>y</mi><mo>−</mo><mn>3</mn><mo>=</mo><mn>1</mn><mrow><mo form="prefix" stretchy="true">(</mo><mi>x</mi><mo>−</mo><mn>2</mn><mo form="postfix" stretchy="true">)</mo></mrow></mrow><annotation encoding="application/x-tex">y - 3 = 1(x - 2)</annotation></semantics></math></p></li><li><p><strong>方程式を整理します</strong></p><p><math display="block" xmlns="http://www.w3.org/1998/Math/MathML"><semantics><mrow><mi>y</mi><mo>=</mo><mi>x</mi><mo>+</mo><mn>1</mn></mrow><annotation encoding="application/x-tex">y = x + 1</annotation></semantics></math></p></li></ol><h4 id="答え">【答え】</h4><p>直線の方程式は<math class="bold-math" display="inline" xmlns="http://www.w3.org/1998/Math/MathML"><semantics><mrow><mi>y</mi><mo>=</mo><mi>x</mi><mo>+</mo><mn>1</mn></mrow><annotation encoding="application/x-tex">y = x + 1</annotation></semantics></math>です。</p>            </div>        </foreignObject>        </svg>        ', 'https://firebasestorage.googleapis.com/v0/b/fairedu-eb4f7.appspot.com/o/segment_4.mp3?alt=media&token=7a35bc17-ea6a-47a7-9490-773c41aa6c31', '1. 傾き　エム　を　もとめます。   エム　イコール　分の　ワイ　2　マイナス　ワイ　1　かっこ　エックス　2　マイナス　エックス　1　イコール　分の　7　マイナス　3　かっこ　6　マイナス　2　イコール　分の　4　かっこ　4　イコール　12. てん　エー　かっこ　2　カンマ　3　を　通る　ので、点傾き形式のしき　に　だいにゅうします。   ワイ　マイナス　ワイ　1　イコール　エム　かっこ　エックス　マイナス　エックス　1   に　だいにゅうすると、   ワイ　マイナス　3　イコール　1　かっこ　エックス　マイナス　23. ほうていしきを　せいりします。   ワイ　イコール　エックス　プラス　1直線のほうていしきは　ワイ　イコール　エックス　プラス　1　です。', 'str4'),
('seg5', 'lec11', '{"例題1の解答","y=x+1のグラフ",""}', 'seg4', 'seg6', '        <svg xmlns="http://www.w3.org/2000/svg" viewBox="0 0 676 871">        <foreignObject x= "50" y="0" width="90%" height="100%">            <div xmlns="http://www.w3.org/1999/xhtml">            <style>html {color: #1a1a1a;background-color: #fdfdfd;}body {margin: 0 auto;max-width: 36em;padding-left: 50px;padding-right: 50px;padding-top: 50px;padding-bottom: 50px;hyphens: auto;overflow-wrap: break-word;text-rendering: optimizeLegibility;font-kerning: normal;}@media (max-width: 600px) {body {font-size: 0.9em;padding: 12px;}h1 {font-size: 1.8em;}}@media print {html {background-color: white;}body {background-color: transparent;color: black;font-size: 12pt;}p, h2, h3 {orphans: 3;widows: 3;}h2, h3, h4 {page-break-after: avoid;}}p {margin: 1em 0;}a {color: #1a1a1a;}a:visited {color: #1a1a1a;}img {max-width: 100%;}svg {height: auto;max-width: 100%;}h1, h2, h3, h4, h5, h6 {margin-top: 1.4em;}h5, h6 {font-size: 1em;font-style: italic;}h6 {font-weight: normal;}ol, ul {padding-left: 1.7em;margin-top: 1em;}li > ol, li > ul {margin-top: 0;}blockquote {margin: 1em 0 1em 1.7em;padding-left: 1em;border-left: 2px solid #e6e6e6;color: #606060;}code {font-family: Menlo, Monaco, Consolas, ''Lucida Console'', monospace;font-size: 85%;margin: 0;hyphens: manual;}pre {margin: 1em 0;overflow: auto;}pre code {padding: 0;overflow: visible;overflow-wrap: normal;}.sourceCode {background-color: transparent;overflow: visible;}hr {background-color: #1a1a1a;border: none;height: 1px;margin: 1em 0;}table {margin: 1em 0;border-collapse: collapse;width: 100%;overflow-x: auto;display: block;font-variant-numeric: lining-nums tabular-nums;}table caption {margin-bottom: 0.75em;}tbody {margin-top: 0.5em;border-top: 1px solid #1a1a1a;border-bottom: 1px solid #1a1a1a;}th {border-top: 1px solid #1a1a1a;padding: 0.25em 0.5em 0.25em 0.5em;}td {padding: 0.125em 0.5em 0.25em 0.5em;}header {margin-bottom: 4em;text-align: center;}#TOC li {list-style: none;}#TOC ul {padding-left: 1.3em;}#TOC > ul {padding-left: 0;}#TOC a:not(:hover) {text-decoration: none;}code{white-space: pre-wrap;}span.smallcaps{font-variant: small-caps;}div.columns{display: flex; gap: min(4vw, 1.5em);}div.column{flex: auto; overflow-x: auto;}div.hanging-indent{margin-left: 1.5em; text-indent: -1.5em;}ul.task-list[class]{list-style: none;}ul.task-list li input[type="checkbox"] {font-size: inherit;width: 0.8em;margin: 0 0.8em 0.2em -1.6em;vertical-align: middle;}</style><h3 id="グラフの描画">【グラフの描画】</h3><p>直線<math display="inline" xmlns="http://www.w3.org/1998/Math/MathML"><semantics><mrow><mi>y</mi><mo>=</mo><mi>x</mi><mo>+</mo><mn>1</mn></mrow><annotation encoding="application/x-tex">y = x + 1</annotation></semantics></math>をグラフで表してみましょう。</p><h4 id="グラフの説明">【グラフの説明】</h4><figure><img alt="直線 y = x + 1 と点A, 点B のグラフ" aria-label="直線 y = x + 1 と点A, 点B のグラフ" role="img" src="data:image/png;base64,iVBORw0KGgoAAAANSUhEUgAAAlgAAAJYCAYAAAC+ZpjcAAAAOXRFWHRTb2Z0d2FyZQBNYXRwbG90bGliIHZlcnNpb24zLjcuMSwgaHR0cHM6Ly9tYXRwbG90bGliLm9yZy/bCgiHAAAACXBIWXMAAA9hAAAPYQGoP6dpAAAutElEQVR4nO3de5RWdb348c8A0wjh6DHzAjOpiIcMb7lMrbioB9BA1ExLMZNa3hDUxAtqC4EuK0+hWQukE3rSTJQkDRVRIEmPqRV0Waw6KhOgM+Iv0w4OSM4ah+f3BzEyznDfz+xnP/v1WmsWzJ49m898Z4D32nvPnopCoVAIAAAS0yXtAQAAyo3AAgBImMACAEiYwAIASJjAAgBImMACAEiYwAIASJjAAgBImMACAEiYwAIASJjAAgBImMACAEiYwAIASJjAAgBImMACAEiYwAIASJjAAgBImMACAEiYwAIASJjAAgBImMACAEiYwAIASJjAAgBImMACAEiYwAIASJjAAgBImMACAEiYwAIASJjAAgBImMACAEiYwAIASJjAAgBImMACAEiYwAIASJjAAgBImMACAEiYwAIASJjAAgBImMACAEiYwAIASJjAAgBImMACAEiYwAIASJjAAgBImMACAEiYwAIASJjAAgBImMACAEiYwAI69Le//S02bNiQ9hgAmSSwgHbWrl0b++23XyxZsmS73+fee+/d4v7/+Z//Gffee29S4wGUPIEFOVYoFOLdd99t91JXVxcREQcffHCHby8UCm2Os27durjyyiujsbGxwz/nrrvuin333bfoH0/WrFu3Ln7yk5/Exz/+8TjwwAPTHgdIkMCCHJs9e3ZUVla2ezn66KMjImLvvffu8O1PPfVU6zFee+21+MY3vhFnnXVWfPKTn4yZM2dGS0tLzJkzJ7p27Ro9e/aM+vr6OOOMM6Jnz57xgQ98IMaNG5fWh1wyrr/++vjwhz8cl1xySbzyyitpjwMkTGBBjp1zzjlRKBTavXzta1+LM888s8O3FQqFOOGEEyIi4s9//nMcdthh8fjjj8dtt90WkyZNih/96Eet924NHDgw1q1b1+blxhtvTPEjLh3HH3983H///fHmm2/GyJEj0x4HSFi3tAcASkffvn1j1apVrYHUrVvbfyImTJgQ3/rWt1pf79+/f8ycOTMuuOCC+K//+q+YOXNm/O53v4vKysqIiHjmmWdizz33bHOMd955Jy688MLifiCdbNWqVXHCCSfEqlWrtvt9zjjjjKLNA6TPGSzIueuuuy5+8YtfRETEu+++G48//nhs2LAhNmzY0Oa+q9GjR0dLS0u79z/zzDNjwoQJcdVVV8WMGTNizpw5rW8bMGBArFmzps3L9ddfv8VZmpqaYp999olzzjmn3dsOPvjgDrfvqkWLFkVFRUXcfffdrdvefvvtOPDAA+NLX/pS4n8ekA8CC3Lut7/97Q6deelIXV1dfP3rX4/TTz89fv7zn8fjjz++U8epqqqKiy++OObOnRtr1qxp3f7cc8/FihUr4uKLL96lOTsyZMiQuOiii+Laa6+Nf/zjHxERMWnSpGhubo4f/OAHif95QD4ILKCNkSNHRs+ePdu9bH6GZ5NbbrklDj/88Lj77rtj4sSJ0aNHj1iyZEnMnDkzunbtGs8//3zstttu8YEPfCC6dOkSu+22W9x8882tlxA7MmbMmHj33Xfjvvvua9127733xiGHHBInnnhih+8zYcKE6Nat21Zfrr766i3+mVOnTo3ddtstJkyYEH/605/i+9//fsycObPd5U2A7eUeLKCNRx55JIYMGdJue0f3TX3iE5+I5cuXx6mnnhp33HFHjB07No4++uiYNGlSjBgxItatWxcVFRUxf/78GDVqVPztb3+LN998M7797W9HU1NTVFVVtTtm796943Of+1z8+Mc/bo2tn/3sZ3HNNddERUVFhzNfddVVcf7552/149p77723+Lbq6uq444474jOf+UwsXrw4zj///Bg+fPgW91+6dGkcd9xxbba1tLS0uWdtv/32i4aGhq3OBJQvgQW0MXLkyOjatWu77U1NTe3OAg0aNChefPHFGDhwYDz00ENx1FFHxX//93/Hk08+2RpPXbp0iRtuuCHWrl0bEydOjEcffTTGjBnTYVxtcsUVV8SnP/3p+POf/xwvv/xyrFmzJkaPHr3F/ffbb7/Yb7/9du4D/pdhw4bFEUccEX/84x9j7ty5W923f//+8cc//rH19dWrV8eXv/zleOKJJ1q3be0sHVD+XCIE2njkkUfaPVph3bp1ccEFF3S4//e///14/fXXIyJizz33jD/+8Y/x0ksvRaFQiFWrVsUee+wRRxxxRBx11FFxxx13xKWXXhpXXnnlVmf41Kc+FUcffXTcc889ce+998YZZ5wR++yzzxb339VLhBEbL0O+9NJLcfjhh8e111671X132223OOyww1pf/v3f/z0qKyvbbOvXr99WjwGUN2ewgDYuuuii+OAHP9hu++rVq9vdZL7pqe8HHHBA67bBgwfHk08+Gccdd1xMnDgxLr/88ujRo0fssccecdNNN8VPfvKTLf4Zm7viiiti0qRJ8eabb8ZDDz201X139RLh6tWr4/LLL4+bbropTj755PjEJz4RP/7xj+PLX/7yVo8JsCUCC2i1o99N+Ic//CG6d+8etbW1rduGDBkSXbt2jbvvvjuef/75mDFjRixevDgiIr761a/GggUL4uSTT465c+fGhz70oS0e+5xzzonrrrsu9t133/iP//iPrc6xq5cIL7zwwujdu3eMHz8+Kisr46qrroqrrroqhg0bFr17997p4wL55RIhEFdddVVUVFRs98uAAQMiYuN9WWeddVZ06fLePyXnn39+FAqFuOaaa2LOnDnx97//PV577bWoqKiILl26xAMPPBAVFRUxY8aMrc606dLehRdeuMWb25Mwc+bMePzxx2PGjBmt901Nnjw59tprr+1+LMSBBx64y4+6AMpLReH9P7UVyJUTTjghhg8fHpdddtl2v0/Xrl2je/fubbZ99KMfjR/+8IetTzT/v//7v/j4xz8egwYNiueeey7Gjh0bt912W0RE/POf/4wuXbps9Ub3OXPmxKhRo6K+vt4PigYyR2ABJeXVV1+N++67L26++eY4/fTT484770x7JIAdJrCAkrJixYo4/PDD47TTTouZM2dGz5490x4JYIcJLACAhLnJHQAgYQILACBhAgsAIGEeNLqdNmzYEKtXr47dd9+9qM/kAYByUygUYu3atdGrV682z80rZwJrO61evbrN06oBgB1TX18fNTU1aY/RKQTWdtp9990jYuMXR3V1dSLHbG5ujgULFsSwYcNanyDNrrGmybKeybOmybKeySvGmjY2NkZtbW3r/6V5ILC206bLgtXV1YkGVo8ePaK6uto/DAmxpsmynsmzpsmynskr5prm6RabfFwIBQDoRAILACBhAgsAIGECCwAgYQILACBhAgsAIGECCwAgYQILACBhAgsAIGECCwAgYQILACBhAgsAIGECCwAgYQILACBhAgsAIGHd0h4AACgdM59ZGf98K+0psk9gAQARETF9cV1894nl8YEuXePst96Jj+xdmfZImeUSIQDwr7h6MSIihvbeEPvvsVvKE2WbM1gAkHObx9X4IX3jgLdfSHmi7HMGCwBybPO4uvbkfjFmcJ+UJyoPAgsAcur9cTX2xL4pT1Q+BBYA5JC4Ki6BBQA5I66KT2ABQI6Iq84hsAAgJ8RV5xFYAJAD4qpzCSwAKHPiqvMJLAAoY+IqHQILAMqUuEqPwAKAMiSu0iWwAKDMiKv0CSwAKCPiqjQILAAoE+KqdAgsACgD4qq0CCwAyDhxVXoEFgBkmLgqTQILADJKXJUugQUAGSSuSpvAAoCMEVelT2ABQIaIq2wQWACQEeIqOwQWAGSAuMoWgQUAJU5cZY/AAoASJq6ySWABQIkSV9klsACgBImrbBNYAFBixFX2CSwAKCHiqjwILAAoEeKqfAgsACgBm8fVNcP+XVxlnMACgJS9P67GnXRIyhOxqwQWAKRIXJWnbmkPAAB55Z6r8uUMFgCkQFyVt9wE1rp16+Lqq6+Ogw46KGpqaqJ///4xbdq0tMcCIIfEVfnLzSXCL33pS7Fu3bpYsmRJfOhDH4ply5bFKaecEhs2bIgrrrgi7fEAyAlxlQ+5OYM1f/78GDduXHzoQx+KiIjDDz88Pv/5z8eiRYtSngyAvBBX+ZGbwDrmmGNi7ty5sWHDhojYeMlw8eLFMWjQoJQnAyAPxFW+5OYS4QMPPBBjx46NI444IgYMGBBLliyJSy+9NC655JIO929qaoqmpqbW1xsbGyMiorm5OZqbmxOZadNxkjoe1jRp1jN51jRZWVnPGU+tiFsX1UVExPghfePiAQeU7MzFWNNS/ViLqaJQKBTSHqIz/OEPf4hx48bFYYcdFscff3zcc889UVVVFXfeeWf06tWr3f6TJ0+OKVOmtNs+a9as6NGjR2eMDEAZWNBQEfPqu0ZExIjalhhWk4v/dttYv359jBo1Kt56662orq5Oe5xOkYvAamxsjD59+sQdd9wRZ5xxRuv2sWPHxl/+8pdYvHhxu/fp6AxWbW1tvPHGG4l9cTQ3N8fChQtj6NChUVlZmcgx886aJst6Js+aJqvU1/P9Z67GDO6T8kTbVow1bWxsjL333jtXgZWLS4QvvPBCvPnmm3HCCSe02X7yySfHj3/84w7fp6qqKqqqqtptr6ysTPwvcTGOmXfWNFnWM3nWNFmluJ7TF9e1xlUW77lKck1L7XPTGXJxk/vHPvax2GeffeKmm26K9evXR0TEyy+/HN/+9rfjlFNOSXk6AMqNG9rJRWD17Nkznn766Xj99dejX79+0atXrzjppJNi8ODBcc8996Q9HgBlRFwRkZNLhBER/fr1i/vvvz/tMQAoY+KKTXJxBgsAik1csTmBBQC7SFzxfgILAHaBuKIjAgsAdpK4YksEFgDsBHHF1ggsANhB4optEVgAsAPEFdtDYAHAdhJXbC+BBQDbQVyxIwQWAGyDuGJHCSwA2Apxxc7Izc8iBIAdNe3J5TF1wUsRIa7YMc5gAUAHxBW7QmABwPuIK3aVwAKAzYgrkiCwAOBfxBVJEVgAEOKKZAksAHJPXJE0gQVArk1fXCeuSJzAAiC3PESUYhFYAOSSuKKYBBYAuSOuKDaBBUCuiCs6g8ACIDfEFZ1FYAGQC+KKziSwACh74orOJrAAKGviijR0S3sAACgWT2gnLc5gAVCWxBVpElgAlB1xRdoEFgBlRVxRCgQWAJnU0hLxzDMbf//MMxtfF1eUCoEFQOY8+GDEgQdGjBix8fURIyIOGiGuKB2+ixCATHnwwYizzoooFCK6d9+4rccxK6LLUXURETG8RlyRPmewAMiMlpaIK6/cGFebLGioiJ6f2hhXa57uF49+p2+0tKQ0IPyLwAIgM/7nfyIaGt57vccxK2JefdeIiPi/p/rFW8/1jfr6jftBmgQWAJnx2mvv/b76+LrWM1frnu0bjc/37XA/SIPAAiAz9t9/46/Vx9fFvw3e+ONvRtS2xPolfTrcD9IisADIjIEDI2pPfi+u1j3bN4bVvHdDVkVFRG3txv0gTQILgMz44dN10eWojXG15ul+bc5cVVRs/PW22yK6dk1hONiMwAIgE6YvrovvPrExrobX9Ivd69s+iqGmJmLOnIgzz0xjOmhLYAFQ8jaPq2tP7he3j+sbq1ZFzJu38e3z5kWsXCmuKB0CC4CS9v642vQQ0a5dIwYM2LjPgAEuC1JaBBYAJWtLcQWlTmABUJLEFVkmsAAoOeKKrBNYAJQUcUU5EFgAlAxxRbkQWACUBHFFORFYAKROXFFuBBYAqRJXlCOBBUBqxBXlSmABkApxRTkTWAB0OnFFuRNYAHQqcUUeCCwAOo24Ii8EFgCdQlyRJwILgKITV+SNwAKgqMQVeSSwACgacUVeCSwAikJckWcCC4DEiSvyTmABkChxBQILgASJK9hIYAGQCHEF7xFYAOwycQVtCSwAdom4gvYEFgA7TVxBxwQWADtFXMGWCSwAdpi4gq0TWADsEHEF2yawANhu4gq2j8ACYLuIK9h+uQqslStXxumnnx69e/eO/fffP77whS/Ea6+9lvZYACVPXMGOyU1grVmzJk488cQYOXJkNDQ0xIoVK6KysjJ+8IMfpD0aQEkTV7DjuqU9QGf53ve+F4cffnhceOGFERHRvXv3uPvuu6Nr164pTwZQusQV7JzcnMF6+OGHY/jw4W22iSuALRNXsPNycwZr+fLlseeee8ZFF10UixYtip49e8YXvvCFuP7666Nbt/bL0NTUFE1NTa2vNzY2RkREc3NzNDc3JzLTpuMkdTysadKsZ/KysqYznloRty6qi4iI8UP6xsUDDijJmbOynllSjDXN4+enolAoFNIeojN07949+vTpE7fffnsMGjQoXnrppfjc5z4XJ598ctxyyy3t9p88eXJMmTKl3fZZs2ZFjx49OmNkgFQsaKiIefUbz/CPqG2JYTW5+G+CIlq/fn2MGjUq3nrrraiurk57nE6Rm8Dq169fXHbZZXHllVe2bps9e3aMGzcu/v73v7fbv6MzWLW1tfHGG28k9sXR3NwcCxcujKFDh0ZlZWUix8w7a5os65m8Ul/T95+5GjO4T8oTbV2pr2cWFWNNGxsbY++9985VYOXmEuHAgQPbBNMmVVVVHe5fVVXV4dsqKysT/0tcjGPmnTVNlvVMXimu6fTFda1xlbV7rkpxPbMuyTXN4+cmNze5X3/99fH9738/nnrqqYiIePnll+PrX/96fOUrX0l5MoD0uaEdkpWbM1h9+/aNWbNmxXXXXRcrV66M3XffPUaPHh033HBD2qMBpEpcQfJyE1gREYMHD47f/OY3aY8BUDLEFRRHbi4RAtCWuILiEVgAOSSuoLgEFkDOiCsoPoEFkCPiCjqHwALICXEFnUdgAeSAuILOJbAAypy4gs4nsADKmLiCdAgsgDIlriA9AgugDIkrSJfAAigz4grSJ7AAyoi4gtIgsADKhLiC0iGwAMqAuILSIrAAMk5cQekRWAAZJq6gNAksgIwSV1C6uqU9AAA7btqTy2PqgpciQlxBKXIGCyBjxBWUPoEFkCHiCrJBYAFkhLiC7BBYABkgriBbBBZAiRNXkD0CC6CEiSvIJoEFUKKmL64TV5BRAgugBHmIKGSbwAIoMeIKsk9gAZQQcQXlQWABlAhxBeVDYAGUAHEF5UVgAaRMXEH5EVgAKRJXUJ4EFkBKxBWUr25pDwCQRzOeWhG3LqqLCHEF5UhgAXSyBQ0VMa9eXEE5c4kQoBPNeGpFzKvvGhHiCsqZwALoJNMX17VeFhw/pK+4gjImsAA6weY3tI+obYkxg/ukPBFQTO7BAiiyzeNq/JC+ccDbL6Q8EVBszmABFNH7H8XgzBXkg8ACKBLPuYL8ElgARSCuIN8EFkDCxBUgsAASJK6ACIEFkBhxBWwisAASIK6AzQksgF0kroD3E1gAu0BcAR0RWAA7SVwBWyKwAHaCuAK2RmAB7CBxBWyLwALYAeIK2B4CC2A7iStgewksgO0groAdIbAAtkFcATuqW9oDAJSyaU8uj6kLXooIcQVsP2ewALZAXAE7S2ABdEBcAbtCYAG8j7gCdpXAAtiMuAKSILAA/kVcAUkRWAAhroBkCSwg98QVkDSBBeTa9MV14gpInMACcssT2oFiEVhALokroJgEFpA74gooNoEF5Iq4AjqDwAJyQ1wBnUVgAbkgroDOJLCAsieugM4msICyJq6ANAgsoGyJKyAtAgsoS+IKSFMuA6uhoSH22muvGD16dNqjAEUgroC05S6wCoVCXHDBBVFTU5P2KEARiCugFJR8YI0fPz5efPHFxI53yy23RGVlZZx55pmJHRMoDeIKKBUlH1h1dXVx5JFHxqBBg+Lee++NpqamnT7Wn/70p7j55pvj9ttvT3BCoBSIK6CUdEt7gG15+OGH4x//+EfMnj07ZsyYEV/96lfji1/8Ylx88cVx6KGHbvdx3nnnnTjvvPPi5ptvjj59+mxz/6ampjYx19jYGBERzc3N0dzcvOMfSAc2HSep42FNk5aV9Zzx1Iq4dVFdRESMH9I3Lh5wQMnOnJU1zQrrmbxirGkePz8VhUKhkPYQO+LZZ5+N0aNHx1//+tf45Cc/GVdccUV8/vOf3+b7XXHFFfHyyy/H3LlzIyJi8uTJsWrVqrjrrrs63H/y5MkxZcqUdttnzZoVPXr02KWPAUjOgoaKmFffNSIiRtS2xLCaTP2TBrmwfv36GDVqVLz11ltRXV2d9jidouTPYEVE/POf/4yf//zncdddd8WSJUvivPPOiwceeCD+8pe/xOTJk+O3v/1tTJ06dYvvv2DBgpg9e3YsW7Zsu//MG264IcaPH9/6emNjY9TW1sawYcMS++Jobm6OhQsXxtChQ6OysjKRY+adNU1Wqa/njKdWxLz6985cjRm87bPTaSv1Nc0a65m8YqzppqtAeVLygfWVr3wlfv7zn8f+++8fY8aMiQcffLA1cI488sj4+Mc/Hscee+xWA+uxxx6L119/Pfbdd992b7v77rtj4cKFMWTIkDbbq6qqoqqqqt3+lZWVif8lLsYx886aJqsU13P64rrWy4JZvOeqFNc0y6xn8pJc0zx+bko+sP72t7/F7Nmz45RTTunw7f369YsXXnhhq8e47bbb4rbbbmuzbVuXCIHS5YZ2oNSVfGDNmzdvq2+vqKiIXr16ddI0QNrEFZAFJR9YxTJ58uS0RwB2kLgCsqLkn4MFECGugGwRWEDJE1dA1ggsoKSJKyCLBBZQssQVkFUCCyhJ4grIMoEFlBxxBWSdwAJKirgCyoHAAkqGuALKhcACSoK4AspJbp/kDpSOaU8uj6kLXooIcQWUB2ewgFSJK6AcCSwgNeIKKFcCC0iFuALKmcACOp24AsqdwAI6lbgC8kBgAZ1GXAF5IbCATjF9cZ24AnJDYAFF5yGiQN4ILKCoxBWQRwILKBpxBeSVwAKKQlwBeSawgMSJKyDvBBaQKHEFILCABIkrgI0EFpAIcQXwHoEF7DJxBdCWwAJ2ibgCaE9gATtNXAF0TGABO0VcAWyZwAJ2mLgC2DqBBewQcQWwbQIL6FhLS8Qzz2z8/TPPRLS0iCuA7SSwgPYefDDiwAMjRozY+PqIETF9xKXiCmA7dUt7AKDEPPhgxFlnRRQKEd27R0TEjGM+G7cedUZERFxb8664AtgGZ7CA97S0RFx55ca4+pcFDRVx66dGRUTEtU//JMZ+5/KN+wGwRQILeM///E9EQ0PrqzOO+WzMq+8aERHXPnV3jH3uZxH19Rv3A2CLBBbwntdea/3t9OPPbj1zNf7ZWTH2+Qc63A+A9gQW8J7994+IjXH13cEXRETEiNqWGLPkoQ73A6BjAgt4z8CBMf3kC1vjavyzs2JYzXv3Y0VFRURtbcTAgSkNCJANAgtoNf3plfHdTd8t+PRP2p65qqjY+Ottt0V07drpswFkicACIuJ9T2iveTfG1j/bdoeamog5cyLOPDOF6QCyxXOwgI6f0D7m1Iinn45obIyYNy9i0CBnrgC2kzNYkHNb/PE3XbtGDBiw8fcDBogrgB0gsCDH/GxBgOIQWJBT4gqgeAQW5JC4AigugQU5I64Ais93EUKOTHtyeUxd8FJEiCuAYnIGC3JCXAF0HoEFOSCuADqXwIIyJ64AOp/AgjImrgDSIbCgTIkrgPQILChD4gogXQILyoy4AkifwIIyMn1xnbgCKAECC8qEJ7QDlA6BBWVAXAGUFoEFGSeuAEqPwIIME1cApUlgQUaJK4DSJbAgg8QVQGkTWJAx4gqg9AksyBBxBZANAgsyQlwBZIfAggwQVwDZIrCgxIkrgOwRWFDCxBVANgksKFHiCiC7BBaUIHEFkG0CC0qMuALIPoEFJURcAZQHgQUlQlwBlA+BBSVAXAGUl1wF1p133hn9+/eP3r17x6GHHho/+tGP0h4JxBVAGeqW9gCd5Z577onJkyfH448/Hv3794///d//jRNPPDF23333OPfcc9Mej5wSVwDlKTdnsJ5//vn4zne+E/3794+IiEMPPTTOO++8eOCBB1KejLwSVwDlKzdnsKZPn95u27Jly6JXr14pTEPeiSuA8pabwNpcc3NzjB8/Pp577rl47rnnOtynqakpmpqaWl9vbGxsfd/m5ubE5tj8V3ZdFtZ0xlMr4tZFdRERMX5I37h4wAElO28W1jNrrGmyrGfyirGmefz8VBQKhULaQ3SmV155JT7/+c9HY2Nj3HfffXHkkUd2uN/kyZNjypQp7bbPmjUrevToUewxKVMLGipiXn3XiIgYUdsSw2py9dcPyKn169fHqFGj4q233orq6uq0x+kUuQqspUuXxvDhw+P888+Pb33rW1FVVbXFfTs6g1VbWxtvvPFGYl8czc3NsXDhwhg6dGhUVlYmcsy8K+U1ff+ZqzGD+6Q80baV8npmlTVNlvVMXjHWtLGxMfbee+9cBVZuLhG+8sorMXz48Jg2bVqcffbZ29y/qqqqwwCrrKxM/C9xMY6Zd6W2ptMX17XGVRbvuSq19SwH1jRZ1jN5Sa5pHj83ufkuwksvvTQuu+yy7YorSJIb2gHyJzdnsObPnx9Lly6NmTNntntbQ0NDChORB+IKIJ9yE1g5utWMEiGuAPIrN5cIoTOJK4B8y80ZLOgs055cHlMXvBQR4gogr5zBggSJKwAiBBYkRlwBsInAggSIKwA2J7BgF4krAN5PYMEuEFcAdERgwU4SVwBsicCCnTB9cZ24AmCLBBbsIA8RBWBbBBbsAHEFwPYQWLCdxBUA20tgwXYQVwDsCIEF2yCuANhRAgu2QlwBsDMEFmyBuAJgZwks6IC4AmBXCCx4H3EFwK4SWLAZcQVAEgQW/Iu4AiApAgtCXAGQLIFF7okrAJImsMg1cQVAMQgscktcAVAsAotcElcAFJPAInfEFQDF1i3tAaAzTXtyeUxd8FJEiCsAiscZLHJDXAHQWQQWuSCuAOhMAouyJ64A6GwCi7ImrgBIg8CibIkrANLiuwgpS7f/akV875d1ESGuAOh8Aouys6ChIubViysA0uMSIWXl9l+tiHn1XSNCXAGQHoFF2Zj25PLWy4Ljh/QVVwCkRmBRFqYvrmu9oX1EbUuMGdwn5YkAyDP3YJF5m3+34PghfeOAt19IeSIA8s4ZLDLt/Y9icOYKgFIgsMgsz7kCoFQJLDJp87i6Zti/iysASorAInPeH1fjTjok5YkAoC2BRaaIKwCyQGCRGeIKgKzwmAYywQ3tAGSJM1iUPHEFQNYILEqauAIgiwQWJWvzH38jrgDIEoFFSZq+uC6++8SLESGuAMgegUXJEVcAZJ3AoqSIKwDKgcCiZIgrAMqFwKIkiCsAyonAInXiCoByI7BIlbgCoBwJLFIjrgAoVwKLVIgrAMqZwKLTiSsAyp3AolOJKwDyQGDRacQVAHkhsOgU4gqAPBFYFJ24AiBvBBZFJa4AyCOBRdGIKwDySmBRFOIKgDwTWCROXAGQdwKLRIkrABBYJEhcAcBGAotEiCsAeI/AYpeJKwBoS2CxS8QVALQnsNhp4goAOiaw2CniCgC2LFeBddddd8Vhhx0WNTU1ceyxx8avf/3rtEfKpGlPLhdXALAVuQmsn/70p3HjjTfGnDlzoqGhISZMmBAjRoyIlStXpj1apkx7cnlMXfBSRIgrANiS3ATWlClT4pprromPfvSjERHxuc99LgYNGhTTpk1LebLsEFcAsH1yEVj19fVRV1cXp556apvtI0eOjPnz56c0VbaIKwDYft3SHqAzvPrqqxER0atXrzbbe/Xq1fq292tqaoqmpqbW1xsbGyMiorm5OZqbmxOZa9Nxkjpesdz+qxXxvV/WRUTE+CF94+IBB5TszFlZ06ywnsmzpsmynskrxprm8fNTUSgUCmkPUWxLly6NY445Jt5+++3o0aNH6/bHHnsszjnnnNZ42tzkyZNjypQp7bbPmjWrzTHK3YKGiphX3zUiIkbUtsSwmrL/cgEgYevXr49Ro0bFW2+9FdXV1WmP0ylycQarpqYmIiJWr14dffu+d2lr9erV0bt37w7f54Ybbojx48e3vt7Y2Bi1tbUxbNiwxL44mpubY+HChTF06NCorKxM5JhJuv1XK2Je/XtnrsYM7pPyRNtW6muaNdYzedY0WdYzecVY045OZJS7XATWvvvuG0ceeWQ89thjccUVV7Ruf+KJJ+KUU07p8H2qqqqiqqqq3fbKysrE/xIX45i7atqTy1svC2bxnqtSXNMss57Js6bJsp7JS3JN8/i5ycVN7hEREyZMiO985zvx0ksbb9T+xS9+EQsWLIhx48alPFnpmb64zg3tALALcnEGKyLi3HPPjcbGxjj11FNj3bp10bt373j00Ufj4IMPTnu0kuIJ7QCw63ITWBERl1xySVxyySVpj1GyxBUAJCM3lwjZOnEFAMkRWIgrAEiYwMo5cQUAyRNYOSauAKA4BFZOiSsAKB6BlUPiCgCKS2DljLgCgOITWDkirgCgcwisnBBXANB5BFYOiCsA6FwCq8yJKwDofAKrjIkrAEiHwCpT4goA0iOwypC4AoB0CawyI64AIH0Cq4yIKwAoDQKrTIgrACgdAqsMiCsAKC0CK+PEFQCUHoGVYeIKAEqTwMoocQUApUtgZZC4AoDSJrAyRlwBQOkTWBkirgAgGwRWRogrAMgOgZUB4goAskVglThxBQDZI7BKmLgCgGzqlvYAdGzak8tj6oKXIkJcAUDWOINVgsQVAGSbwCox4goAsk9glRBxBQDlQWCVCHEFAOXDTe4l4PZfrYjv/bIuIsQVAJQDgZWyBQ0VMa9eXAFAOXGJMEW3/2pFzKvvGhHiCgDKicBKyatr/hk/fHpFRESMH9JXXAFAGRFYKem9Z/eYef7RcdpHWmLM4D5pjwMAJMg9WCk67qC94s3ehbTHAAAS5gwWAEDCBBYAQMIEFgBAwgQWAEDCBBYAQMIEFgBAwgQWAEDCBBYAQMIEFgBAwgQWAEDCBBYAQMIEFgBAwgQWAEDCBBYAQMIEFgBAwgQWAEDCuqU9QFYUCoWIiGhsbEzsmM3NzbF+/fpobGyMysrKxI6bZ9Y0WdYzedY0WdYzecVY003/d276vzQPBNZ2Wrt2bURE1NbWpjwJAGTT2rVrY4899kh7jE5RUchTTu6CDRs2xOrVq2P33XePioqKRI7Z2NgYtbW1UV9fH9XV1YkcM++sabKsZ/KsabKsZ/KKsaaFQiHWrl0bvXr1ii5d8nF3kjNY26lLly5RU1NTlGNXV1f7hyFh1jRZ1jN51jRZ1jN5Sa9pXs5cbZKPjAQA6EQCCwAgYQIrRVVVVTFp0qSoqqpKe5SyYU2TZT2TZ02TZT2TZ02T4SZ3AICEOYMFAJAwgQUAkDCBBQCQMIFVIv785z/H8OHDo6amJj7ykY/E6NGj4x//+EfaY2XKXXfdFYcddljU1NTEscceG7/+9a/THinT7rzzzujfv3/07t07Dj300PjRj36U9khlo6GhIfbaa68YPXp02qNk2sqVK+P000+P3r17x/777x9f+MIX4rXXXkt7rMxat25dXH311XHQQQdFTU1N9O/fP6ZNm5b2WJklsErAm2++GSeddFJ85jOfifr6+njxxRfjnXfeiXPPPTft0TLjpz/9adx4440xZ86caGhoiAkTJsSIESNi5cqVaY+WSffcc09Mnjw5fvazn8Wrr74aDz74YNx0001x3333pT1a5hUKhbjggguK9uDivFizZk2ceOKJMXLkyGhoaIgVK1ZEZWVl/OAHP0h7tMz60pe+FMuWLYslS5ZEQ0ND3H///fHtb3/bmu4k30VYAhYuXBh33nln3H///a3bli1bFkcccUSsWbMmd0+/3RmHHHJIjBkzJsaPH9+67bTTTotDDjkkbrnllhQny6axY8fGgAED2kT+1VdfHStXrowHH3wwxcmyb+rUqbFo0aI4/vjjY9WqVXHXXXelPVImTZo0KX7/+9/HI4880rqtpaUlunbtmuJU2da9e/eYPXt2nHbaaa3brrrqqvjrX/8aDz/8cIqTZZMzWCVg6NChbeIqYmNgVVVVeQ7Jdqivr4+6uro49dRT22wfOXJkzJ8/P6Wpsm369OntzqAuW7bMjyLZRX/605/i5ptvjttvvz3tUTLv4YcfjuHDh7fZJq52zTHHHBNz586NDRs2RMTGS4aLFy+OQYMGpTxZNgmsEvTEE0/EmDFj4oYbbojddtst7XFK3quvvhoREb169WqzvVevXq1vY+c1NzfH5ZdfHs8991xcc801aY+TWe+8806cd955cfPNN0efPn3SHifzli9fHnvuuWdcdNFFcdBBB8Xhhx8e3/zmN+Pdd99Ne7TMeuCBB2LNmjVxxBFHxKWXXhonnHBCXHrppXH11VenPVomCawi+/vf/x41NTVbfLn11ltb921paYkbb7wxzjzzzPjGN74RkyZNSnHy7KisrIyIaPcT2isqKsIV8F3zyiuvxMCBA+OXv/xlPPPMM3HYYYelPVJmXXfddXHwwQfHhRdemPYoZaGlpSW++c1vxhe/+MVYsWJFzJkzJ+6///6YMGFC2qNl1muvvRb/7//9v/j0pz8dxx13XFRXV8fcuXN948BO6pb2AOXuwx/+cDQ0NGxzv3feeSfOPPPMeOONN+L3v/999OvXrxOmKw+bbhZevXp19O3bt3X76tWro3fv3mmNlXlLly6N4cOHx/nnnx/f+ta3XK7eBQsWLIjZs2fHsmXL0h6lbHzkIx+Jiy++OAYPHhwREf369YuJEyfGuHHj3He5ExobG2Po0KFxxx13xBlnnBEREV/+8pdj7Nixcd5558XixYvTHTCDnMEqEeeff3588IMfjGeeeUZc7aB99903jjzyyHjsscfabH/iiSfilFNOSWmqbHvllVdi+PDhMW3atJg6daq42kWPPfZYvP7667HvvvtGRUVFVFRUxJQpU+Luu++OioqKWLRoUdojZs7AgQOjqamp3XZfqzvnhRdeiDfffDNOOOGENttPPvnk+M1vfpPOUFlXIHWzZ88ufPSjHy288847aY+SWbNmzSr07t278OKLLxYKhULhoYceKlRXVxfq6upSniybPvOZzxQmT56c9hhlbdKkSYULLrgg7TEya/ny5YVevXoVfvWrXxUKhUJh1apVhY997GOFiRMnpjxZNq1du7awzz77FC6//PLC22+/XSgUNq7p8ccfX/jsZz+b8nTZ5BJhCZg/f340NDTEwQcf3O5t3/ve9+Lss89OYapsOffcc6OxsTFOPfXUWLduXfTu3TseffTRDteUbZs/f34sXbo0Zs6c2e5t23PJG4qtb9++MWvWrLjuuuti5cqVsfvuu8fo0aPjhhtuSHu0TOrZs2c8/fTTMWnSpOjXr1+0tLRE9+7d4+yzz46JEyemPV4meQ4WAEDC3IMFAJAwgQUAkDCBBQCQMIEFAJAwgQUAkDCBBQCQMIEFAJAwgQUAkDCBBQCQMIEFAJAwgQVk1g9/+MOoqamJNWvWREREXV1d/Nu//VssWbIk3cGA3POzCIFMO/3002OvvfaKO++8MwYPHhynnXZaXHvttWmPBeScwAIy7Y033ogjjjgiPvWpT0VjY2M88cQTUVFRkfZYQM51S3sAgF2x9957x7hx4+JrX/taPPXUU+IKKAnOYAGZ9vLLL8exxx4bn/3sZ2Pp0qXx7LPPRmVlZdpjATnnJncgs1paWmLUqFFx2WWXxe233x7du3ePiRMnpj0WgDNYQHZNnDgxHnnkkfjd734XlZWVsWLFijjqqKPiF7/4RZx00klpjwfkmMACAEiYS4QAAAkTWAAACRNYAAAJE1gAAAkTWAAACRNYAAAJE1gAAAkTWAAACRNYAAAJE1gAAAkTWAAACRNYAAAJE1gAAAkTWAAACRNYAAAJE1gAAAkTWAAACRNYAAAJE1gAAAkTWAAACRNYAAAJE1gAAAkTWAAACRNYAAAJE1gAAAkTWAAACRNYAAAJ+/8mtnwjCkc+NgAAAABJRU5ErkJggg=="/><figcaption aria-hidden="true">直線 y = x + 1 と点A, 点Bのグラフ</figcaption></figure><ul><li>赤い点が点 A(2, 3)、青い点が点 B(6, 7) です。</li><li>直線<math display="inline" xmlns="http://www.w3.org/1998/Math/MathML"><semantics><mrow><mi>y</mi><mo>=</mo><mi>x</mi><mo>+</mo><mn>1</mn></mrow><annotation encoding="application/x-tex">y = x + 1</annotation></semantics></math>はこの2点を通っています。</li></ul>            </div>        </foreignObject>        </svg>        ', 'https://firebasestorage.googleapis.com/v0/b/fairedu-eb4f7.appspot.com/o/segment_5.mp3?alt=media&token=928ac6ab-6d24-401d-b71b-2e12bd84507e', '直線　ワイ　イコール　エックス　プラス　1　をグラフで表してみましょう。赤い点がてん　エー　2　カン　3、青い点がてん　ビー　6　カン　7　です。直線　ワイ　イコール　エックス　プラス　1　はこの2点を通っています。', 'str5'),
('seg6', 'lec11', '{"例題2の問題、y=-1/2*x+3に平行","",""}', 'seg5', 'seg7', '        <svg xmlns="http://www.w3.org/2000/svg" viewBox="0 0 676 220">        <foreignObject x= "50" y="0" width="90%" height="100%">            <div xmlns="http://www.w3.org/1999/xhtml">            <style>html {color: #1a1a1a;background-color: #fdfdfd;}body {margin: 0 auto;max-width: 36em;padding-left: 50px;padding-right: 50px;padding-top: 50px;padding-bottom: 50px;hyphens: auto;overflow-wrap: break-word;text-rendering: optimizeLegibility;font-kerning: normal;}@media (max-width: 600px) {body {font-size: 0.9em;padding: 12px;}h1 {font-size: 1.8em;}}@media print {html {background-color: white;}body {background-color: transparent;color: black;font-size: 12pt;}p, h2, h3 {orphans: 3;widows: 3;}h2, h3, h4 {page-break-after: avoid;}}p {margin: 1em 0;}a {color: #1a1a1a;}a:visited {color: #1a1a1a;}img {max-width: 100%;}svg {height: auto;max-width: 100%;}h1, h2, h3, h4, h5, h6 {margin-top: 1.4em;}h5, h6 {font-size: 1em;font-style: italic;}h6 {font-weight: normal;}ol, ul {padding-left: 1.7em;margin-top: 1em;}li > ol, li > ul {margin-top: 0;}blockquote {margin: 1em 0 1em 1.7em;padding-left: 1em;border-left: 2px solid #e6e6e6;color: #606060;}code {font-family: Menlo, Monaco, Consolas, ''Lucida Console'', monospace;font-size: 85%;margin: 0;hyphens: manual;}pre {margin: 1em 0;overflow: auto;}pre code {padding: 0;overflow: visible;overflow-wrap: normal;}.sourceCode {background-color: transparent;overflow: visible;}hr {background-color: #1a1a1a;border: none;height: 1px;margin: 1em 0;}table {margin: 1em 0;border-collapse: collapse;width: 100%;overflow-x: auto;display: block;font-variant-numeric: lining-nums tabular-nums;}table caption {margin-bottom: 0.75em;}tbody {margin-top: 0.5em;border-top: 1px solid #1a1a1a;border-bottom: 1px solid #1a1a1a;}th {border-top: 1px solid #1a1a1a;padding: 0.25em 0.5em 0.25em 0.5em;}td {padding: 0.125em 0.5em 0.25em 0.5em;}header {margin-bottom: 4em;text-align: center;}#TOC li {list-style: none;}#TOC ul {padding-left: 1.3em;}#TOC > ul {padding-left: 0;}#TOC a:not(:hover) {text-decoration: none;}code{white-space: pre-wrap;}span.smallcaps{font-variant: small-caps;}div.columns{display: flex; gap: min(4vw, 1.5em);}div.column{flex: auto; overflow-x: auto;}div.hanging-indent{margin-left: 1.5em; text-indent: -1.5em;}ul.task-list[class]{list-style: none;}ul.task-list li input[type="checkbox"] {font-size: inherit;width: 0.8em;margin: 0 0.8em 0.2em -1.6em;vertical-align: middle;}</style><h3 id="例題2">【例題2】</h3><p><strong>直線<math display="inline" xmlns="http://www.w3.org/1998/Math/MathML"><semantics><mrow><mi>y</mi><mo>=</mo><mi>−</mi><mfrac displaystyle="true"><mn>1</mn><mn>2</mn></mfrac><mi>x</mi><mo>+</mo><mn>3</mn></mrow><annotation encoding="application/x-tex">y = -\dfrac{1}{2}x + 3</annotation></semantics></math>と平行で、点 (4, -1) を通る直線の方程式を求めてください。</strong></p>            </div>        </foreignObject>        </svg>        ', 'https://firebasestorage.googleapis.com/v0/b/fairedu-eb4f7.appspot.com/o/segment_6.mp3?alt=media&token=36290a16-e0ac-482f-b609-1608de393175', '直線　ワイ　イコール　マイナス　1　わる　2　かける　エックス　プラス　3　と　へいこうで、てん　よん　まいなす　いち　を　とおる　ちょくせんの　ほうていしきを　もとめてください。', 'str6'),
('seg7', 'lec11', '{"例題2の解答、y=-1/2*x+1","",""}', 'seg6', 'seg8', '        <svg xmlns="http://www.w3.org/2000/svg" viewBox="0 0 676 609">        <foreignObject x= "50" y="0" width="90%" height="100%">            <div xmlns="http://www.w3.org/1999/xhtml">            <style>html {color: #1a1a1a;background-color: #fdfdfd;}body {margin: 0 auto;max-width: 36em;padding-left: 50px;padding-right: 50px;padding-top: 50px;padding-bottom: 50px;hyphens: auto;overflow-wrap: break-word;text-rendering: optimizeLegibility;font-kerning: normal;}@media (max-width: 600px) {body {font-size: 0.9em;padding: 12px;}h1 {font-size: 1.8em;}}@media print {html {background-color: white;}body {background-color: transparent;color: black;font-size: 12pt;}p, h2, h3 {orphans: 3;widows: 3;}h2, h3, h4 {page-break-after: avoid;}}p {margin: 1em 0;}.bold-math {    font-weight: bold;}a {color: #1a1a1a;}a:visited {color: #1a1a1a;}img {max-width: 100%;}svg {height: auto;max-width: 100%;}h1, h2, h3, h4, h5, h6 {margin-top: 1.4em;}h5, h6 {font-size: 1em;font-style: italic;}h6 {font-weight: normal;}ol, ul {padding-left: 1.7em;margin-top: 1em;}li > ol, li > ul {margin-top: 0;}blockquote {margin: 1em 0 1em 1.7em;padding-left: 1em;border-left: 2px solid #e6e6e6;color: #606060;}code {font-family: Menlo, Monaco, Consolas, ''Lucida Console'', monospace;font-size: 85%;margin: 0;hyphens: manual;}pre {margin: 1em 0;overflow: auto;}pre code {padding: 0;overflow: visible;overflow-wrap: normal;}.sourceCode {background-color: transparent;overflow: visible;}hr {background-color: #1a1a1a;border: none;height: 1px;margin: 1em 0;}table {margin: 1em 0;border-collapse: collapse;width: 100%;overflow-x: auto;display: block;font-variant-numeric: lining-nums tabular-nums;}table caption {margin-bottom: 0.75em;}tbody {margin-top: 0.5em;border-top: 1px solid #1a1a1a;border-bottom: 1px solid #1a1a1a;}th {border-top: 1px solid #1a1a1a;padding: 0.25em 0.5em 0.25em 0.5em;}td {padding: 0.125em 0.5em 0.25em 0.5em;}header {margin-bottom: 4em;text-align: center;}#TOC li {list-style: none;}#TOC ul {padding-left: 1.3em;}#TOC > ul {padding-left: 0;}#TOC a:not(:hover) {text-decoration: none;}code{white-space: pre-wrap;}span.smallcaps{font-variant: small-caps;}div.columns{display: flex; gap: min(4vw, 1.5em);}div.column{flex: auto; overflow-x: auto;}div.hanging-indent{margin-left: 1.5em; text-indent: -1.5em;}ul.task-list[class]{list-style: none;}ul.task-list li input[type="checkbox"] {font-size: inherit;width: 0.8em;margin: 0 0.8em 0.2em -1.6em;vertical-align: middle;}</style><h4 id="解答">【解答】</h4><ol type="1"><li><p><strong>平行な直線の傾きは同じなので、傾き<math display="inline" xmlns="http://www.w3.org/1998/Math/MathML"><semantics><mrow><mi>m</mi><mo>=</mo><mi>−</mi><mfrac displaystyle="true"><mn>1</mn><mn>2</mn></mfrac></mrow><annotation encoding="application/x-tex">m = -\dfrac{1}{2}</annotation></semantics></math>です。</strong></p></li><li><p><strong>点 (4, -1)を通るので、点・傾き形式に代入します</strong></p><p><math display="block" xmlns="http://www.w3.org/1998/Math/MathML"><semantics><mrow><mi>y</mi><mo>−</mo><msub><mi>y</mi><mn>1</mn></msub><mo>=</mo><mi>m</mi><mrow><mo form="prefix" stretchy="true">(</mo><mi>x</mi><mo>−</mo><msub><mi>x</mi><mn>1</mn></msub><mo form="postfix" stretchy="true">)</mo></mrow></mrow><annotation encoding="application/x-tex">y - y_1 = m(x - x_1)</annotation></semantics></math></p><p>に代入すると、</p><p><math display="block" xmlns="http://www.w3.org/1998/Math/MathML"><semantics><mrow><mi>y</mi><mo>−</mo><mrow><mo form="prefix" stretchy="true">(</mo><mi>−</mi><mn>1</mn><mo form="postfix" stretchy="true">)</mo></mrow><mo>=</mo><mi>−</mi><mfrac displaystyle="true"><mn>1</mn><mn>2</mn></mfrac><mrow><mo form="prefix" stretchy="true">(</mo><mi>x</mi><mo>−</mo><mn>4</mn><mo form="postfix" stretchy="true">)</mo></mrow></mrow><annotation encoding="application/x-tex">y - (-1) = -\dfrac{1}{2}(x - 4)</annotation></semantics></math></p></li><li><p><strong>方程式を整理します</strong></p><p><math display="block" xmlns="http://www.w3.org/1998/Math/MathML"><semantics><mrow><mi>y</mi><mo>+</mo><mn>1</mn><mo>=</mo><mi>−</mi><mfrac displaystyle="true"><mn>1</mn><mn>2</mn></mfrac><mi>x</mi><mo>+</mo><mn>2</mn></mrow><annotation encoding="application/x-tex">y + 1 = -\dfrac{1}{2}x + 2</annotation></semantics></math></p><p><math display="block" xmlns="http://www.w3.org/1998/Math/MathML"><semantics><mrow><mi>y</mi><mo>=</mo><mi>−</mi><mfrac displaystyle="true"><mn>1</mn><mn>2</mn></mfrac><mi>x</mi><mo>+</mo><mn>1</mn></mrow><annotation encoding="application/x-tex">y = -\dfrac{1}{2}x + 1</annotation></semantics></math></p></li></ol><h4 id="答え">【答え】</h4><p>直線の方程式は<math class= "bold-math" display="inline" xmlns="http://www.w3.org/1998/Math/MathML"><semantics><mrow><mi>y</mi><mo>=</mo><mi>−</mi><mfrac displaystyle="true"><mn>1</mn><mn>2</mn></mfrac><mi>x</mi><mo>+</mo><mn>1</mn></mrow><annotation encoding="application/x-tex">y = -\dfrac{1}{2}x + 1</annotation></semantics></math>です。</p>            </div>        </foreignObject>        </svg>        ', 'https://firebasestorage.googleapis.com/v0/b/fairedu-eb4f7.appspot.com/o/segment_7.mp3?alt=media&token=980e7435-aef8-4019-a134-d5100199e499', '1. へいこうなちょくせんのかたむきはおなじなので、かたむき　えむ　イコール　マイナス　1　わる　2　です。2. てん　(4, -1)　をつうるので、てん・かたむきけいしきにだいにゅうします。   わい　マイナス　わい　1　イコール　えむ　かける　(エックス　マイナス　エックス　1)　にだいにゅうすると、   わい　マイナス　マイナス　1　イコール　マイナス　2分のいち　かける　(エックス　マイナス　4)　です。3. ほうていしきをせいりします。   わい　たす　1　イコール　マイナス　2分のいち　エックス　たす　2　です。   定数項を右辺に寄せて、   わい　イコール　マイナス　2分のいち　エックス　たす　1　です。直線のほうていしきは　わい　イコール　マイナス　2分のいち　エックス　たす　1　です。', 'str7'),
('seg8', 'lec11', '{"例題2の解答","y=-1/2*xと平行なグラフ",""}', 'seg7', 'seg9', '        <svg xmlns="http://www.w3.org/2000/svg" viewBox="0 0 676 932">        <foreignObject x= "50" y="0" width="90%" height="100%">            <div xmlns="http://www.w3.org/1999/xhtml">            <style>html {color: #1a1a1a;background-color: #fdfdfd;}body {margin: 0 auto;max-width: 36em;padding-left: 50px;padding-right: 50px;padding-top: 50px;padding-bottom: 50px;hyphens: auto;overflow-wrap: break-word;text-rendering: optimizeLegibility;font-kerning: normal;}@media (max-width: 600px) {body {font-size: 0.9em;padding: 12px;}h1 {font-size: 1.8em;}}@media print {html {background-color: white;}body {background-color: transparent;color: black;font-size: 12pt;}p, h2, h3 {orphans: 3;widows: 3;}h2, h3, h4 {page-break-after: avoid;}}p {margin: 1em 0;}a {color: #1a1a1a;}a:visited {color: #1a1a1a;}img {max-width: 100%;}svg {height: auto;max-width: 100%;}h1, h2, h3, h4, h5, h6 {margin-top: 1.4em;}h5, h6 {font-size: 1em;font-style: italic;}h6 {font-weight: normal;}ol, ul {padding-left: 1.7em;margin-top: 1em;}li > ol, li > ul {margin-top: 0;}blockquote {margin: 1em 0 1em 1.7em;padding-left: 1em;border-left: 2px solid #e6e6e6;color: #606060;}code {font-family: Menlo, Monaco, Consolas, ''Lucida Console'', monospace;font-size: 85%;margin: 0;hyphens: manual;}pre {margin: 1em 0;overflow: auto;}pre code {padding: 0;overflow: visible;overflow-wrap: normal;}.sourceCode {background-color: transparent;overflow: visible;}hr {background-color: #1a1a1a;border: none;height: 1px;margin: 1em 0;}table {margin: 1em 0;border-collapse: collapse;width: 100%;overflow-x: auto;display: block;font-variant-numeric: lining-nums tabular-nums;}table caption {margin-bottom: 0.75em;}tbody {margin-top: 0.5em;border-top: 1px solid #1a1a1a;border-bottom: 1px solid #1a1a1a;}th {border-top: 1px solid #1a1a1a;padding: 0.25em 0.5em 0.25em 0.5em;}td {padding: 0.125em 0.5em 0.25em 0.5em;}header {margin-bottom: 4em;text-align: center;}#TOC li {list-style: none;}#TOC ul {padding-left: 1.3em;}#TOC > ul {padding-left: 0;}#TOC a:not(:hover) {text-decoration: none;}code{white-space: pre-wrap;}span.smallcaps{font-variant: small-caps;}div.columns{display: flex; gap: min(4vw, 1.5em);}div.column{flex: auto; overflow-x: auto;}div.hanging-indent{margin-left: 1.5em; text-indent: -1.5em;}ul.task-list[class]{list-style: none;}ul.task-list li input[type="checkbox"] {font-size: inherit;width: 0.8em;margin: 0 0.8em 0.2em -1.6em;vertical-align: middle;}</style><h3 id="グラフの描画">【グラフの描画】</h3><p>元の直線と求めた直線を同じグラフに描いてみましょう。</p><h4 id="グラフの説明">【グラフの説明】</h4><figure><img alt="平行な直線と点のグラフ" aria-label="平行な直線と点のグラフ" role="img" src="data:image/png;base64,iVBORw0KGgoAAAANSUhEUgAAAlgAAAJYCAYAAAC+ZpjcAAAAOXRFWHRTb2Z0d2FyZQBNYXRwbG90bGliIHZlcnNpb24zLjcuMSwgaHR0cHM6Ly9tYXRwbG90bGliLm9yZy/bCgiHAAAACXBIWXMAAA9hAAAPYQGoP6dpAABDOElEQVR4nO3de3zP9f//8ft723uzYbRoYmN0QBTKp/rkUJQOSkqpnKI+HSiRQwcf+cS3ZDpIn/Ap0Se/SiofpRxCpeITlcNHyiHDzJAzox28t71+f2hv721vM/PcXq/3+327Xi67fNrrffD0snT7vF6P9+vlsizLEgAAAIwJs3sBAAAAwYbAAgAAMIzAAgAAMIzAAgAAMIzAAgAAMIzAAgAAMIzAAgAAMIzAAgAAMIzAAgAAMIzAAgAAMIzAAgAAMIzAAgAAMIzAAgAAMIzAAgAAMIzAAgAAMIzAAgAAMIzAAgAAMIzAAgAAMIzAAgAAMIzAAgAAMIzAAgAAMIzAAgAAMIzAAgAAMIzAAgAAMIzAAgAAMIzAAgAAMIzAAgAAMIzAAgAAMIzAAgAAMIzAAgAAMIzAAgAAMIzAAgAAMIzAAgAAMIzAAgAAMIzAAgAAMIzAAgAAMIzAAgAAMIzAAgAAMIzAAgAAMIzAAgAAMIzAAgAAMIzAAgAAMIzAAgAAMIzAAgAAMIzAAgAAMIzAAgAAMIzAAgAAMIzAAgAAMIzAAmC7vLw87du3z+5llJvVq1dr2rRpdi8DQAUisIAQs337dg0bNkw5OTln/F5ffPGFduzYccbvs27dOtWsWVN79uwp9WsmTZqkTZs2+X1syJAhWrhw4Rmv63R4PB5lZGQU2z5nzhxFRkZqxIgRRBYQQggsIEDMmTNHLpfrtL9yc3O975GVlaXbbrtNaWlpioqK0syZM0t87cyZM0+6nuzsbHXu3Fn/+9//Sv17sCxLubm5xb5SUlJUrVo1xcXF+X28qLS0ND311FPKy8sr9lhubq6mTJmi+vXrl3pdBWvbv3+/du/e7fd9T2X69OmKj4/XoUOHvNvy8/P1xhtv6IknntDMmTP1j3/8Q1lZWYVet3nzZm3YsKHEr2PHjp32egDYy2VZlmX3IgCcWmZmpnbu3Fls+9y5czVq1Cj9+OOPfl93/vnnS5IOHTqku+++WwcPHtR3332nSpUqKSsrS/v37z/pr3n22WcrOjra72NLly7VNddcowMHDig2NrZUv4fk5GQNGzasVM/1tXXrViUlJSk/P1979+7VgAED1KJFC91///368ssv1b17d7388ssaNmyYoqKiCr02JydHY8aM0dChQ/2+97x58zRhwgR9++23yszMlMvlUnR0tNq3b69hw4bpqquuKtUamzdvrrp16+qzzz4rtD07O1uXX365HnroId13332qXLlyoceTkpK0bdu2Et97/fr1atSoUbHtHo9HBw8eVG5urvLy8k76v3l5ebrssssUFsb/pwYqjAUgYGRlZVmPPPKItWbNGu+2Dz74wDr77LMLPe++++6znn76ae/327Ztsy688ELr+uuvtw4ePGitXr3a+vnnn0/711+7dq21du1aa/Xq1Vbfvn2tWrVqWS+88ILVrVs364033rAsy7KWLl1q9ezZ0zp8+HCp37dHjx7W4MGDT/m8BQsWWHFxcVb79u2t/Px8q2vXrlbnzp0ty7Ksl156yerdu3ex1/Tu3dt66aWXim3PzMy07r77bqtq1arW6NGjrV9//dVyu93WZ599Zq1du9Z6/PHHrYiICGvs2LGnXNe0adMsSX6/br75ZmvTpk1WRkbGKd/ndM2fP7/Yr+dyuazIyEgrJibGqlatmlWjRg0rPDzceuaZZ4z/+gBOjsACAswVV1xhde/e3ft90cDKzs62qlatao0fP967LSsry3r11Vet3Nxcy+PxWBdddFGhACut5s2bWy6Xy4qKirIkWUlJSdYtt9xiDRkyxPrhhx8syzoeYUlJSdaFF15obd68ucT3Cw8Pt8LDwy1JVlhYmPf7gq8333yz2GteffVVKz4+3ho9erSVmJho7du3z7Ks44HldrutatWqFfpyu93FAisvL8/q1KmTdfHFF1vp6emWZR2PUEnWr7/+6n3evHnzrPDwcOujjz466e9h//791jnnnGP16tXLWr9+faGv22+/3briiitKt3PL4NixY9aBAwesI0eOWNnZ2VZubm6x5+Tm5lpVqlSxXnjhhXJbB4DiCCwgwHz88cdWRESE9fvvv1uWVTywPv74Y8vtdlt79uzx+/pRo0ZZjRs3tn788ceTHnXx/Vq8eHGx91izZo0VFhZmbdmyxe+vsWfPHuuyyy6z6tata23durXQY/fee6/1/fffW5ZlWZKsTZs2+X2Pa6+91vrXv/7l97G//e1vVlRUlDV//nxvSJ7OEaw33njDiouLs3bt2uXdNnfuXMvtdlvZ2dmFnvvwww9bF1xwgd91eDwe69prr7UaNGhQ7Ihdfn6+VadOHWvUqFF+X/v555+Xav9Lstxut/X555/7fZ9TWbFihSXJ+uqrr8r0egBlE1HepyABmHXrrbeqSpUq+n//7//piSeeKPb4P//5T91zzz2qWbNmsce+++47Pffcc3r77bfVokULbd++vdhzBgwYoLi4OI0cOVKS/L7PxIkTdeONNxYbJH/yySd18OBBvfXWW1q4cKFuuukmpaenKykpyfucb7/9Vrfffvtp/q5PyMvLU2pqqiZPnqwrr7xSDz/8sK6//vrTeo8XX3xRTz31lGrVquXdtmLFCjVt2rTYDNcdd9yhN998U1u3bi30+83Pz1e/fv20fPlyff/998Xm0L744gvt3LlTvXr18ruGdu3aaf369adc64oVK9SrV68yf+rzww8/VFxcnNq2bVum1wMoGwILCDCRkZF64IEHFBFR/F/fQ4cOKT09XRMnTiz22Lp163TbbbcpPz9fbrdbERERSkhIKPa8mJgYValSxe9jkrRjxw5NmzZNs2bNKvZYfn6+Dh8+LEmKi4vT8uXL5XK5Svz9NGvWzO9zsrOzdeeddxbaNnToUH322WfatGmTvvrqK+/2KVOmKDExUTNmzNCMGTOUl5fn/X1Kx4frC2zevFlbtmwpFnlffPGF2rVrV2wdderUkST9/vvv3sDKzc3Vvffeq5kzZ+rzzz/XJZdcUux1ycnJfiO0QOXKlf0Orhc1duxY1axZU7fccsspn1vU0aNH9c4776hbt25+f14AlB/+jQMCQG5urlJTU73fP/zww5KklJQU7d69W/n5+UpJSZF0PBTCwsK830dGRmrv3r268cYb9cADD+ijjz46o7U899xzqlevnm688cZij0VHRxe6DMGp4kqS1qxZ4/2ko6/rrruu2LarrrpKmZmZuvPOO/XSSy/pn//8pyIjI/XJJ59o7Nix6t+/v8LCwjRp0iS99tpr2rRpk37++We9//773vco+CRm3bp1vdt27NihH374QaNHjy72ax44cECSVLVqVe+2iIgIJSUlafbs2brhhhuKveajjz7SkiVL9NNPP53y91+SX375Re+++67GjBlT7MhaaYwZM0aHDh3ye6QTQPkisIAAkJ6ergsuuKDE55zs8YYNG+qLL77Q448/ruHDh59RYK1atUpvvfWWPv30U78f+a9atarfi22W5HSOYHXp0kWbN29Wr169NG7cOJ1//vmaMWOGnn/+ee/RqqioKA0cOFApKSl67rnnNHnyZI0fP977HlWqVJEk7d2713uU7s0331S9evV0zTXXFFvHwoULVblyZTVs2LDQ9hdeeMHv72f79u3q16+fHnjgAV122WWl3g9FZWZmqmfPnmrUqJEGDBhw2q//5ptvNHbsWD3zzDOqV69emdcBoIzsHgIDcGb8XaahJPXq1bM++OCDkz7eo0cPa+DAgcW2Z2VlWU2aNLGuv/5677b09HTrzjvvtKpUqWLFxcVZ8fHxVr169Ur89GC9evWsTz75xLKssg25V6lSxdq2bZsVFRVlrVu3zoqJibF27txpWZZlLVmyxLrgggus119/3WrTpo0VHh7u/bUKHDt2zKpWrZr19ttvW5ZlWXv37rWqV69e6FOXBVJSUqxq1apZDz/88El/P772799vXXTRRVbjxo2to0ePluo1/hw+fNi69tprrWrVqpXpchpLliyxqlatal1zzTXWsWPHyrwOAGXHVecAlIrb7Vbnzp0LHQ268847VbVqVa1bt04rVqxQly5dlJaWpgsvvFB33XVXodOaJ9OxY0c1bdq02Nfy5cuLPTc9PV1ZWVneuajo6Gi1bNlS33zzjSzL0vDhw70XMm3QoIEeeeQRTZ48udCV2d1utwYMGKBnnnlGixcvVvfu3VWrVi3169ev0K+1cOFCXX311Tr77LNPerTK1+bNm9WqVSsdPXpUCxYsKHZB0dL66quv1LJlS/3vf//T3LlzdfHFF5f6tbm5uXrppZfUvn17XXzxxZo9e7b3yB6AikVgASiV8PBwjR49Wo0bN/ZuW716tQYMGKDExETVr19fdevWVfPmzfWf//xHy5cvV5MmTUqcQ7IsS7/99pt++eWXYl9Hjx5V3759Cz1/2bJlatKkicLDw73bbr31VtWsWVPPPfec8vPz1bt3b+9jY8aM0c6dO3XXXXcVmg175pln1LJlS7Vv314pKSn65JNPFBkZqeXLl2vkyJFq0aKFbrjhBjVq1EhLly5VXFzcSX8PBbfDufTSSxUdHa1ly5YpMTHxtPbtnj17NHnyZF111VW67rrrVLduXa1YsUKtWrUq1euPHj2qt99+WxdddJGeeuopPfjgg1q8eHGpr7APwDwCC4BeeeUV/d///Z8mTJig//73v4qMjCzV69q2basxY8bo559/1urVq/Xuu++qWbNm6ty5s37++Wc9/PDDat68ebHX3X777ad1P8WePXtKksLCwtSpU6dC7zVkyBCtWLFCU6dO1QcffKCtW7dqz549crlcqly5subNm6f169frP//5j/c1kZGRmj17trZt26aNGzd6P82XmZmpd955R82bN9fXX3+tL7/8Uueee+5Jf//bt29XkyZN1L9/fz344INatmyZateuXap95ysjI0NDhw5VTEyM5s2bpy+//LLQpS1OJTk5WQ888ICSkpK0fPlyTZw4sdR/hgDKB/ciBALcjBkz1L9/f+3bt69Uz09KSlJycrLuuece77bhw4dr4cKFyszMVFxcnCZOnOj30gNF7d69W0OGDNGCBQuUk5OjVq1a6a233jrpJR58f/3TueyA2+0u9im6SpUqacOGDUpKStLq1atVvXp11a9fX/Xq1dOuXbuUnJyswYMHS5IOHz6s2NjYUn2q8XS9/vrrateunZo2bXpG75OZmamYmJgyvTYvL09bt271+2lMAPYgsAAAAAzjFCEAAIBhBBYAAIBhBBYAAIBhBBYAAIBhBBYAAIBh3IuwlPLz87Vz505VrVq1XD7qDQBAsLIsS0eOHFHt2rX93sc0GBFYpbRz587TvjozAAA4Yfv27SVeJy+YEFilVLVqVUnHfzhM3X7C4/Fo4cKFuv7667lfmCHsU7PYn+axT81if5pXHvs0IyNDiYmJ3v+WhgICq5QKTgvGxsYaDayYmBjFxsbyF4Mh7FOz2J/msU/NYn+aV577NJRGbELjRCgAAEAFIrAAAAAMI7AAAAAMI7AAAAAMI7AAAAAMI7AAAAAMI7AAAAAMI7AAAAAMI7AAAAAMI7AAAAAMI7AAAAAMI7AAAAAMI7AAAAAMI7AAAAAMI7AAAAAMI7AAAAAMI7AAAAAMI7AAAAAMI7AAAAAMI7AAAAAMI7AAAAAMI7AAAAAMI7AAAAAMI7AAAAAMI7AAAAAMI7AAAAAMI7AAAAAMI7AAAAAMI7AAAAAMI7AAAAAMI7AAAAAMI7AAAAAMI7AAAAAMI7AAAAAMI7AAAAAMI7AAAAAMI7AAAAAMI7AAAAAMI7AAAAAMI7AAAAAMI7AAAAAMI7AAAAAMI7AAAAAMI7AAAAAMI7AAAAAMI7AAAAAMI7AAAAAMI7AAAAAMI7AAAAAMI7AAAAAMI7AAAAAMI7AAAAAMI7AAAAAMI7AAAAAMI7AAAAAMI7AAAAAMI7AAAAAMI7AAAAAMI7AAAAAMI7AAAAAMI7AAAAAMI7AAAAAMI7AAAAAMI7AAAAAMI7AAAAAMI7AAAAAMI7AAAAAMI7AAAAAMI7AAAAAMI7AAAAAMI7AAAAAMI7AAAAAMI7AAAAAMI7AAAAAMI7AAAAAMC8nASk9PV1xcnPr06WP3UgAAQBAKucCyLEu9e/dWQkKC3UsBAABBKuQC65VXXpHb7VaXLl3sXgoAAAhSIRVYa9asUXJysiZNmmT3UgAAQBCLsHsBFSU7O1s9evRQcnKyGjRocMrn5+TkKCcnx/t9RkaGJMnj8cjj8RhZk8fj0dy0MO1askU9rqynSu5wI+8bygr+bEz9GYU69qd57FOz2J/mlcc+DcU/H5dlWZbdi6gIAwYM0LZt2zR79mxJ0siRI5Wamqp33nnH7/NHjhypUaNGFds+ffp0xcTEGFnTgRzp+dXhyrNcinVburZOvq46x1IknQUACCKZmZnq3r27Dh8+rNjYWLuXUyFC4gjWwoUL9eGHH2rt2rWlfs2wYcM0ePBg7/cZGRlKTEzU9ddfb+yH44/sHG089LW+219ZOw9n65PUcC3dF6kH29RXt78kcESrDDwejxYtWqQOHTrI7XbbvZyAx/40j31qFvvTvPLYpwVngUJJSATWvHnztGfPHsXHxxd7bNq0aVq0aJGuu+66QtujoqIUFRVV7Plut9vYD1xlSX+NtzSiV2t9vna3Xv86RTsOZemF+Rv11tJUTepxqf6SFGfk1wo1Jv+cwP4sD+xTs9if5pncp6H4ZxMSQ+7jx4+XZVmFvp599ln17t1blmUVi6uKFhkRpnsur6vFQ69RcpeLVad6tP7IydV5NavYui4AAFA2IXEEK1AUhFaXSxO0fleG4ipHeh/rP32VWtQ9Sz2uqMupQwAAHC5kA2vkyJF2L+GkIiPC1Cyxuvf7H7bs15yfd2nOz7v0xreb1ffq8wgtAAAcLCROEQa6FnXP8p463HskR8/NWac2Ly7W1KVble3Js3t5AACgCAIrAPjOaI3xE1ope47YvUQAAOAjZE8RBqLIiDB1u7yu7rg0QbNWpev1r1MUEe5S0tmVvc+xLEsul8vGVQIAAAIrAPkOw+84lKWI8OMHIo/l5qvrm8t0a7PazGgBAGAjAiuARUaEqX6NE0evPv3fDq3Zfkhrth9iGB4AABsxgxVEbmteh2F4AAAcgMAKIv4uWFoQWq3HLtaBP47ZvUQAAEICpwiDkO+MVsEw/PnnVCl04dL8fEthYQzDAwBQHgisIOYbWoeyThy92pORrTve+F59rqrPjBYAAOWAU4QhIDIiTOdUreT9/r0f0rT9QBYzWgAAlBMCKwT1b3c+w/AAAJQjAisElTQM3+HVb+XJy7d7iQAABDRmsEKYv2H4Do1ryR1+oruP5eYrMoIOBwDgdBBYKBRax3yOXq1OO6iH3l3JBUsBADhNHJqAV2REmKpEnWju939IY0YLAIAyILBwUi/cfjHD8AAAlAGBhZPyHYYfUyS07p683O7lAQDgWMxg4ZQiI8LU7fK6usNnGL7rZQnex3Pz8pWbbzGjBQDAnwgslJrvMLzL5y47s/+3U8lfbGAYHgCAP3GKEKctMiKs0KUcPlm9gxktAAB8EFg4Y2/3+UuxGa3WYxdrypItyjpGaAEAQg+BhTNWMKPle2X4fUdz9Pzc9Rr80f/sXh4AABWOGSwYU/TK8BMWp+jevyZ5Hz+ak6uIMBczWgCAoEdgwbiC0LrjsoRCs1qTFqfo45XpDMMDAIIepwhRbnzjKj/f0lfr9zAMDwAICQQWKkRYmEufP9a62JXhGYYHAAQjAgsVxvfK8MldLlbCWSeG4V9euNHu5QEAYAwzWKhwRYfhJ3+3Rfe1SvI+vudItmIruZnRAgAELAILtikIrbv/kiiXz6XhR3z6i1alHWIYHgAQsDhFCNv5xtXRnFyt25XBMDwAIKARWHCUKlER+mrwNcWG4QktAEAgIbDgOL7D8EVvwfPhT9vtXh4AAKfEDBYcq+AWPHdcmqD/rErXhz9t110tE72Pb9l7VLWrRzOjBQBwHAILjlcQWt0ur+vdlp9vqe97K3Uw08MwPADAcThFiIC041CW/sjJY0YLAOBIBBYCUmJcjN8ZrfbjluibXS5CCwBgKwILAavg1GHBleHrVI/W3qPH9ElquH5MPWj38gAAIYzAQsDz/dTh6M4XqfnZ+Wpz/tnex1enHeSIFgCgQjHkjqARGRGmu1omqMqen70XL83I9qj32z8qyh3OMDwAoMJwBAtBLW1/pqpWcjMMDwCoUAQWglrTOtUKz2j9GVqtxy7WlCVbCC0AQLkgsBD0fGe0krtcrISzorXvaI5emLdeuw5n2708AEAQYgYLIaMgtLpcmqBZq9K17UCm6teo7H188YY9urLB2YqOZEYLAHBmCCyEnILQ8pWy56jun/aTzq4cpb5XN1CPK+oRWgCAMuMUISBpz5Fs1a52/NTh83PXq82Lx2e0so4xowUAOH0EFiDpqvNqFBqGLwitti/xqUMAwOkjsIA/+Q7D+96C5/WvN8mTl2/38gAAAYQZLKCIglvw3PHnMHy+JVWt5JYkWZal/6zaoZsvPpcZLQDASRFYwEn4G4b/esMeDf14jcZ+sYErwwMATopThMBpyMu3Cl2wlCvDAwD8IbCA03B9k1rFZrR8Q4tZLQCARGABp61gRqvoLXg+XrFd4X/eZBoAENqYwQLKqOiV4c+tHq2wsOOBlXksVx+vSNfdf0lkRgsAQhBHsIAzVBBaV19Y07vtveXb9OxnvzKjBQAhisACykF8bCWG4QEghBFYQDno3LxOsRmtgtB6e+lWWZZl9xIBAOWIwALKie+V4ZO7XKyEs46H1sptB+ViGB4AghpD7kA5KzoMf2m9s7yPbT+QqYXrdnPBUgAIMgQWUEH8XRl+wtcp+nDFdr3x7WauDA8AQYRThICNLks6q9CMVuuxizVlyRZlHWMYHgACGYEF2OiulomFhuH3Hc3R83PXq+1LizX9hzS7lwcAKCNOEQI2KzqjNWFxitIPZun3w1l2Lw0AUEYEFuAQRUPrxqa1vI/9sGW/ftmZwYwWAAQIAgtwmKLD8JZl6eWFG/VT6kH965vN6nt1A/W4op6iIwktAHAqZrAAh7Ms6Y5LEwrNaLV5kWF4AHAyAgtwuLAwl/eCpWOKDMO3eXGxPlmdbvcSAQBFEFhAgIiMCFM3nyvDF4SWS1wVHgCchhksIMD4DsPPW7tLnZrV9j42a1W6DmZ6GIYHAJsRWECAiowI020t6ni/z/bk6cUvNur3jGyuDA8ANuMUIRAkwsNcevy6CwpdGb7Ni4s1delWZXsYhgeAikRgAUHCHR7mHYYvmNHyvQXPonW77V4iAIQMAgsIMgUzWkWH4eNjo+xeGgCEDGawgCDlOwz/3837dElCde9j47/8TVUruZnRAoByQmABQS4yIkztGp7j/f73w9matHizjuXlMwwPAOUkpE4RTp06VU2aNFGdOnXUuHFjTZ482e4lARUurnKk/q9zEyWcxTA8AJSXkDmC9e6772rkyJH64osv1KRJE61fv17t2rVT1apV1a1bN7uXB1SYojeVnrA4RekHs/TcnHV649vNmtCtha5ocLbdywSAgBYyR7CWL1+uF198UU2aNJEkNW7cWD169NDHH39s88oAexSE1tdDTgzDH8n2qEHNKnYvDQACXsgcwZo4cWKxbWvXrlXt2rX9PLtihL31luquWyddd53kdtu2DoQ23yNav+48rJpVT3zacOjMtQo77FJ7T57c/IwCQKmFTGD58ng8Gjx4sJYtW6Zly5b5fU5OTo5ycnK832dkZHhf6/F4znwRhw8r4pln1OLgQeXPmaPcYcNk9ewpRUae+XuHsII/GyN/RiHGJanpuVW8+2512iHNXrNLUri+e2WJHm5bX/e0TFB0JMPwZ4KfUbPYn+aVxz4NxT8fl2VZlt2LqEhpaWm66667lJGRoQ8++EDNmjXz+7yRI0dq1KhRxbZPnz5dMTExZ7yOsJwcJS1YoAtmzVKlQ4ckSZk1a+q3rl2V1q6dLI4WwGa5+dJPe11auCNMB3KO31A61m3p2jr5uuocS3QWgNLKzMxU9+7ddfjwYcXGxtq9nAoRUoG1cuVKdezYUb169dLo0aMVFXXyCy/6O4KVmJioffv2Gfvh8Hg8+nrOHF2fmir3q6/K9fvvkiQrKUl5Tz/NEa0y8Hg8WrRokTp06MApLQM8Ho/mL1ikP2o20ZtLt2nHoWxJUs0qkZrWp6UuiGde63TxM2oW+9O88tinGRkZqlGjRkgFVsicIkxLS1PHjh01YcIEde3a9ZTPj4qK8htgbrfb6L/EeVFRcg0aJNdjj0lvvimNHStXaqoi+vaVkpOl4cOle+8ltE6T6T+nUBYRJnW7op7uubKBZq1K1+tfp8jlks6vVU3uiOOfk7EsSy6Xy+aVBhZ+Rs1if5pncp+G4p9NyHyKsG/fvnrkkUdKFVe2iI6WHn9c2rJFevVVKT5eSk2VHnxQathQmjJFOnbM7lUihPnegmfa/Zcr8s+48uTl6843lmnKki3KOsZ1tABACqHAmj9/viZNmqSEhIRiX45SUmhdeKH01luEFmwVGRGm83wu5TDn551aue2gnp+7Xm1f4oKlACCFUGBZlqXdu3crPT292JcjxcQUDq1ataRt26SHHiK04Cg3X1zbex0trgwPAMeFTGAFLN/QGj+e0ILj+J469Bdae4/knPpNACDIEFiBIjpaGjiQI1pwLH+hdWF8lUIXLs3PD5kPLQMIcQRWoCk6o+UbWgzDwwF8Q2vcXc292/cdzVG7V77h1CGAkEBgBSp/ocWnDuEgkRFhio+t5P1++g9p2rY/kxktACGBwAp0vqFVMKNFaMGB+l59HsPwAEIGgRUsfGe0CC04UEnD8Ne+8q1ycoksAMGDwAo2hBYczl9oXdv4HEVFnLi5oScv38YVAsCZI7CClb9PHRJacBDf0Bp6Q0Pv9l92HFar5K85dQggoBFYwY5b8MDhIiPCFFvpxH3K3lu+TXuY0QIQ4AisUOEbWuPGcQseONb/dW7KMDyAgEdghZqYGGnQIK6jBccqOqOVcNaJ0Lrzje9lWVysFIDzEVihyt+9Djl1CAcpCK2vh5wIrTsvTZDL5ZIk5eVbHNEC4FgEVqjjgqVwON/Q6n5FPe/2OT/vVJsXF2vKki3KOkZoAXAWAgvHEVpwuMiIMEVGnPgr6z+rdmjvkRw9P3e92r7EjBYAZyGwUFhJocUwPBxkyr0tGYYH4FgEFvzzdwsehuHhICVdGf6xD1bbvTwAIY7AQsm4YCkczl9o3fvXE7Naf+TkckQLQIUjsFA6nDqEwxWE1jdPXKPW59fwbn/zuy2cOgRQ4QgsnB5/oVVw6pDQggO4w8O8l3LIz7e0aN1uZrQAVDgCC2VDaCEAhIW5NPvRVgzDA6hwBBbOTEnD8IQWHKCkK8Mnz99g9/IABCkCC2b4G4bnU4dwkKJXhk86O0b3t6rvfXzvkRyOaAEwhsCCWUVPHfreVJrQggP4hlbds2O820d+/iunDgEYQ2ChfBBacLiwMJf3nzOP5ern9EPMaAEwhsBC+fK9qfS4cYVDixktOERMZIS+Glz8gqWEFoCyIrBQMWJipEGDCh/RYkYLDlLSMPz7P6TZvTwAAYbAQsXyPaLFqUM4UNFh+GYJ1dTt8kTv46n7/uCIFoBTIrBgD0ILDlcQWrP7t1ZMZIQkybIsPfL+Kk4dAjglAgv2YkYLAWTX4WxlZHuY0QJwSgQWnKHojBbX0YID1a4e7T116DujRWgBKIrAgrP4HtEquDI8pw7hIEVntHxDa+mmfXYvD4BDEFhwJn9Xhie04CBFQ+v6i+J1beNzvI+v2X5IWcc4ogWEKgILzubvptKEFhykILQm39tSLtfxi5cezclVn3//qLYvceoQCFUEFgJDSaHFMDwcZtv+PxQTGcGMFhDCCCwEFn+h5TMM73r7bbk8HrtXiRDXpHY17wVLi14Z/t/fbxNnDoHgR2AhMPmGls8wfETfvrr20UflevttjmjBVkWvDF8QWmO+2KgDOXavDkB5I7AQ2IoMw1u1aqnynj2K6NuXU4dwhKKhdf9V9VQr5sTj32zcwzA8EIQILASHP49o5W7cqLX33y/L99QhoQUHKAitp29s6N2Wuu8P/W3aCobhgSBEYCG4REdry623KnfjxuIzWoQWHOb3jGydW60Sw/BAECKwEJxKGoYntOAQVzY4myvDA0GKwEJwO8WnDrmOFuxW9IKlBcPw47/8TTm5+XYvD0AZEVgIDUVDy/em0oQWHKDoMPyTNzRUtWi3JMmyLM1alc4wPBBACCyEFkILDlcQWr3+muTd9u1vezX4ozUMwwMBhMBCaPK9qfS4cYVDixktOExunsWMFhBgCCyEtpgYadCgwke0mNGCw1x3UXyxGS3f0PLkMasFOA2BBUiFj2hx6hAOdLIrw8/4MU1hf95kGoBzEFiAL0ILDlc0tIZ1bKTwsOOBle3J0/9blsowPOAABBbgD6EFhysIrfaN4r3bpv+Qpn/M/pVheMABCCygJEVD68+bSjMMDyeqWTXK74wWoQVUPAILKA1/ocUwPBymU7PaxWa0CkLr7aVbZVmW3UsEQgaBBZwO3+tojR9f+IgWoQUHONkw/PIt++ViGB6oMAQWUBbR0dLAgf5PHRJacICioTWow4Xex3YcyuLUIVDOCCzgTPi71yEzWnCQgtBqfG6sd9ukxSnMaAHljMACTOCm0gggzROrMwwPlDNbA2vw4MHauHGjnUsAzCrpiBahBYfo2jLxpMPw7/+wze7lAUHB1sBKSUlRs2bN1LZtW73//vvKycmxczmAOZw6hMP5zmiN8Qmt9INZdi8NCAq2BtZnn32mnTt3qlu3bvrXv/6lhIQEDRo0SOvXr7dzWYA5JZ06JLTgAJERYermMwz/YJsG3sdWbjvAqUOgjGyfwYqLi1O/fv20dOlSzZ49W3PnzlXTpk3VunVrffTRR3YvDzCD0ILDFRzRiqsc6d328oLfmNECysj2wMrKytJ7772n6667Th07dlSHDh20atUqPfrooxo5cqSGDh1q9xIBcwgtBAjLstS5eW2G4YEysjWw7r//ftWqVUvPP/+8OnXqpLS0NE2cOFHNmjVTt27dNGvWLE2ePNnOJQLlg08dwuFcLpffC5YWhNasVel2LxFwNFsDa/fu3frwww+1YcMGDRw4ULGxsYUeb9iwoTZs2GDT6oAKUDS0uKk0HOZkV4bPy+e2O0BJbA2suXPn6sYbbzzp4y6XS7Vr167AFQE2IbTgcL6hNe6uZrq9RR3vY7P/t4NTh0ARts9gAfBR9KbShBYcJjIiTF0uTVBE+PH/fBzLzdeLX2xkRgsogsACnKik0GIYHg7ickmPtT+fYXigCAILcDJ/ocUwPBzEHe5/RqsgtBb8+rvdSwRsQWABgYBTh3C4kw3D16gSZffSAFsQWEAgIbTgcL6h9Xaflrqs3lnexyZ8vYlThwgZBBYQiJjRgsNFRoSpfaN47/d7jmTr9a9TmNFCyCCwgEBWNLS4YCkcqnp0pEbd2oRheIQMAgsIBv5Ci1OHcJCTzWgVhNayzfvtXiJgFIEFBBN/t+AhtOAg/kLrcJZHDWpWtntpgFEEFhCMSgotZrTgAL6h9cGDVyo+tpL3saEfr+HUIQIegQUEM24qDYeLjAgr9EnDNdsPaebKdGa0EPBCKrDeeecdNW3aVAkJCbr88sv13//+1+4lARWDU4cIEI3PjfU7o0VoIdCETGC99957+vvf/66ZM2cqPT1dTz31lG6++WZt3brV7qUBFYdTh3A431OHY/yE1vpdGXYvESiVkAmsUaNGaejQoWrUqJEk6Y477lDbtm01YcIEm1cG2KCkU4eEFhwgMiJM3YoMw0eEuRiGR8AIicDavn27UlJSdMsttxTa3qlTJ82fP9+mVQEOcIrQck2dKpfHY/cqEcJ8j2i9+7fLFRURLknKzcvXXW8u07+/36ZjnDmEA0XYvYCKsGPHDklS7dq1C22vXbu297GicnJylJOT4/0+I+P4YWmPxyOPof/gFLyPqfcD+7TMIiKkRx+V7r9fYVOmKOyll+Tatk0R/frpupo1lb97tzx9+kiRkXavNODxM1o2Lkn1zqrk3W9zft6lH7ce0I9bDyjWHa791beox5X1VMkdbu9Cg0B5/IyG4s+7y7Isy+5FlLeVK1eqZcuW+uOPPxQTE+PdPm/ePN1zzz3eePI1cuRIjRo1qtj26dOnF3oPIBiF5eQoacECXfDJJ6p08KAkKbNmTf3WtavS2rWT5XbbvEKEutx86ae9Li3cEaYDOS5JUqzb0rV18nXVOZYi6SxHyczMVPfu3XX48GHFxsbavZwKERKBtXv3btWqVUubNm3S+eef790+ZcoUvfLKK1q/fn2x1/g7gpWYmKh9+/YZ++HweDxatGiROnToIDf/wTKCfWqWJyNDm598Uk3nzJFrzx5JkpWUpLynn5bVsydHtMqAn1Gz/sjOUfIHX+u7/ZW183C2JKlmlUh90q/wtbVQeuXxM5qRkaEaNWqEVGCFxCnC+Ph4NWvWTPPmzdOAAQO82xcsWKAbb7zR72uioqIUFRVVbLvb7Tb+l2J5vGeoY58aEhurLbfeqkbjxsn9739LyclypaYqom9fKTlZGj5cuvdeQqsM+Bk1o7Kkv8ZbGtGrtT5fu1uvf52iOmdFq05cFblcx49s5edbCgtz2bvQAGTyZzQUf9ZDYshdkp566im9+OKL+u233yRJn376qRYuXKj+/fvbvDIgABS912F8PNfRgqP4DsP/854W3rg6+McxXTvuW66jhQoXMoHVrVs3jRgxQrfccotq166t0aNHa86cOTrvvPPsXhoQOEoKLS7vAAeIjAhTrWonTg1O/zFNW/f9wQVLUeFCJrAk6eGHH9Zvv/2mnTt36qefflKbNm3sXhIQmPyFFrfggQM92KYBV4aHLUIqsAAYVjS0uAUPHMb31GHR0Lr2lW+JLJQbAgvAmSO04HD+QqvthTULXTfLk5dv4woRbAgsAOZwr0M4nG9oPX1TI+/29bsy1Cr5a04dwhgCC4B5Jd2ChyNacIDIiDBViz5x6YB3l2/THma0YBCBBaD8lHREi9CCg4zs1IRheBhFYAEof4QWHM731OGYIqF1+6TvFQI3PYFhBBaAisOMFhwuMiJM3YoMw99xaZ1CV4XniBZKg8ACUPGY0YLD+R7R6vXXet7tX/z6O6cOUSoEFgD7+IbW+PGcOoTjREaEKSrixKUcZq5MZ0YLpUJgAbBfdLQ0cCAzWnC8N3peVmxGi9CCPwQWAOdgRgsO529GqyC0Hnl/ld3Lg4MQWACcp6QZLUILDuDvU4e9rjwxq5V1LI8jWiGOwALgXP5mtAgtOEjBEa1vnrhG1zSs6d0+ZckWTh2GOAILgPP5zmgRWnAgd3iY91IOlmVpwbrfmdEKcQQWgMDhbxieyzvAYVwul2b1a8WV4UMcgQUg8BSd0YqP51OHcBTfGa2iofX83HV2Lw8VgMACELgILThc0dCqd3aM7m9V3/v4/qM5HNEKUgQWgMAXE3MitMaNKxxazGjBAbyhNeQaNahZxbudU4fBi8ACEDxiYqRBgwof0WJGCw4SFuby/nPWsTytSjvEjFaQIrAABB/fI1pcGR4OFR0Zri8HX80wfJAisAAEL0ILDufvgqUFoTXt+1S7l4czQGABCH7cggcOV/QWPBfXqabuV9T1Pr5t/x8c0QowBBaA0FHSLXg4ogUHKDii9Vn/VqpayS3p+IVLH/tgNacOAwyBBSD0lHREi9CCAxRcFV6SdmfkaP/RY8xoBRgCC0DoIrQQAGpVq+R3Rqv12MWasmSLso4RWk5EYAEAoQWHKzqjVad6tPYdzdHzc9fr29/22L08+EFgAUABhuHhcEWvDH9to3N0/UW1vI+vTT/MqUOHILAAoCjf0Bo/nmF4OE5BaE3t8xfvxUszj+Xqvnd+ZEbLIQgsADiZ6Ghp4EBOHSIgbNufqaiIcIbhHYLAAoBT4dQhAkDjc2P9DsMTWvYgsACgtIqGlu+9DgktOIDvMHzR0Erd/4fdywspBBYAnK4yhlZenrR06fF/Xrr0+PdAeSj6qcP7WiWpUa1Y7+NLNu3l8g7ljMACgLLyvdfhuHElhtasWVJSknTzzcdfevPNx7+fNcuuxSMUFAzDP9upiXfb9gOZuu/fP6ntS5w6LE8EFgCcqZgYadAg/0e0GjbUqkemqNsdx5SeXvhlO3ZId95JZKFi7TyUpfjYSsxolTMCCwBM8T2iVRBaqam69F8PaoMa6m+aIrd14tShZR3/38cf53QhKs4VDc4udMFSQqt8EFgAYJpPaKU8+qp+V7zqK1VT9KDW5DRV3UWLvKFlWdL27dKSJfYuGaHF94KlvsPwry76TVkElhEEFgCUl5gY/dTqcTXQFg3SOP2ueCVZqWoxcaJ+zmmiB/SW3DoeWrt22bxWhKSiw/BDrr9QZ8VE2r2soEBgAUA5OvdcKUsxGq9BaqAtesL9srKrV1c9a5ve0kPa+Oepw9o1uLwD7FNwROu+VvXtXkrQILAAoBy1aSMlJEgu1/HQmhgxQF+++aaecL+sXarlPXXY9iGuDA8EEwILAMpReLj02mvH/9l1/JZxyouK0sSIATpPWzRIryq7ei25uAUPEFQILAAoZ126SDNnSnXqFN5eIzFabf7zuCrt5F6HQLAhsACgAnTpcryd5s49/v3cudLWrce3c69DIPgQWABQQcLDpdatj/9z69bHvy/EN7TGjz8eWj4XLOWIFhA4CCwAcJroaGngQP9HtAgtICAQWADgVCWdOiS0AEcjsADA6ZjRAgIOgQUAgcJfaBXMaBFagKMQWAAQaEoahie0AEcgsAAgUPkbhie0AEcgsAAg0BU9dRgfT2gBNiOwACBYEFqAYxBYABBsYmJOhNa4cYQWYAMCCwCCVUyMNGiQ/yNaXEcLKFcEFgAEO98jWgWhxQVLgXJFYAFAqCC0gApDYAFAqCkptJjRAowgsAAgVPkLLWa0ACMILAAIdUVDi5tKA2eMwAIAHEdoAcYQWACAwvzdVJrQAk4LgQUA8K+k0GIYHigRgQUAKJm/0GIYHigRgQUAKB3f0Bo/nlOHQAkILADA6YmOlgYOZEYLKAGBBQAoG2a0gJMisAAAZ6akGS1CCyGKwAIAmEFoAV4EFgDALEILILAAAOWkaGj53uuQ0EKQI7AAAOWL0EIIIrAAABXD916H48YRWghqBBYAoGLFxEiDBvk/osV1tBAkCCwAgD18j2gVhBYXLEWQILAAAPYitBCEQiawfv31V3Xs2FEJCQmqW7eu+vTpowMHDti9LABAAUILQSQkAmv//v1q3769brrpJm3fvl0bN25Udna2unXrZvfSAABFlRRaDMMjQIREYK1atUrt2rXTY489JpfLpejoaA0fPlwLFy7U4cOH7V4eAMAff6HFMDwCREgEVocOHTRjxoxC29auXauoqChFRUXZtCoAQKkUDS2fm0pHNG2quosWEVpwnAi7F2CHBQsWqF+/fho2bJgqVark9zk5OTnKycnxfp+RkSFJ8ng88ng8RtZR8D6m3g/sU9PYn+axT8+A2y09+qh0//0Ke+sthb38slypqWoxcaLy58xR7rBhsnr2lCIj7V5pQCuPn9FQ/Hl3WZZl2b2IM7F37161aNHipI8PHjxYgwcPliTl5eVpxIgReu211zRmzBgNGDDgpK8bOXKkRo0aVWz79OnTFRMTc+YLBwCckbCcHCUtWKALPvlElQ4elCRl1qyp37p2VVq7drLcbptXiAKZmZnq3r27Dh8+rNjYWLuXUyECPrBKKzs7W126dNG+ffv07rvvqmHDhiU+398RrMTERO3bt8/YD4fH49GiRYvUoUMHufmLwAj2qVnsT/PYp2Z5PB59NWeObkhNlfvVV+X6/XdJkpWUpLynn+aIVhmUx89oRkaGatSoEVKBFTKnCHv16qXKlSvr008/VWQp/mU72XyW2+02/pdiebxnqGOfmsX+NI99ak5+VJRcgwbJ9dhj0ptvSmPHypWaqoi+faXkZGn4cOneewmt02TyZzQUf9ZDYsj9o48+0i+//KL33nuvVHEFAAhARW8q7TMMz6cOUdFCIrDmz5+v9PR0nXfeeUpISCj09fHHH9u9PACASSWFFtfRQgUJicD697//rSNHjig9Pb3YV9euXe1eHgCgPPgLrYLraBFaKGchEVgAgBBGaMEGBBYAIDSUFFrMaMEwAgsAEFqKhhY3lUY5ILAAAKGJ0EI5IrAAAKHN302lCS2cIQILAACp5NBiGB6nicACAMCXv9BiGB6nicACAMAfTh3iDBBYAACUhNBCGRBYAACUBjNaOA0EFgAAp4MZLZQCgQUAQFkUDS3fm0oTWiGPwAIA4EwQWvCDwAIAwAR/9zpkRitkEVgAAJjETaUhAgsAgPJR0hEtQivoEVgAAJQnQiskEVgAAFQEZrRCCoEFAEBFKmlGi9AKGgQWAAB28A2t8eMJrSBDYAEAYKfoaGngQI5oBRkCCwAAJyh66pBb8AQ0AgsAACfxF1p86jDgEFgAADiRv5tKE1oBg8ACAMDJSgotZrQci8ACACAQ+AstZrQci8ACACCQcOowIBBYAAAEIkLL0QgsAAACmW9ojRvHjJZDEFgAAASDmBhp0CBmtByCwAIAIJgUPXXoe1NpQqvCEFgAAAQjQstWBBYAAMGs6JXhfUOLGa1yQ2ABABAK/IUWN5UuNwQWAAChxDe0xo8vFlquqVPl8njsXmXAI7AAAAhF0dHSwIHFjmhF9Oun6x55RNqzx+4VBjQCCwCAUFbk1KFVq5YyzzlHqlnT7pUFNAILAAB4Qyt340atGjhQcrnsXlFAI7AAAMAJ0dHKOuccu1cR8AgsAAAAwwgsAAAAwwgsAAAAwwgsAAAAwwgsAAAAwwgsAAAAwwgsAAAAwwgsAAAAwwgsAAAAwwgsAAAAwwgsAAAAwwgsAAAAwwgsAAAAwwgsAAAAwwgsAAAAwwgsAAAAwwgsAAAAwwgsAAAAwwgsAAAAwwgsAAAAwwgsAAAAwwgsAAAAwwgsAAAAwwgsAAAAwwgsAAAAwwgsAAAAwwgsAAAAwwgsAAAAwwgsAAAAwwgsAAAAwwgsAAAAwwgsAAAAwwgsAAAAwwgsAAAAw0IysO666y65XC67lwEAAIJUyAXWtGnTtGHDBruXAQAAglhIBdbWrVv15JNP6rXXXrN7KQAAIIiFTGDl5eWpZ8+eGjp0qOrXr2/3cgAAQBCLsHsBFeWFF15QRESEhgwZorS0tFM+PycnRzk5Od7vMzIyJEkej0cej8fImgrex9T7gX1qGvvTPPapWexP88pjn4bin4/LsizL7kWcib1796pFixYnfXzw4MFq3bq1brrpJq1cuVJJSUlKTU1V/fr1VdJvfeTIkRo1alSx7dOnT1dMTIyRtQMAEAoyMzPVvXt3HT58WLGxsXYvp0IEfGCdSmZmppo1a6bhw4erT58+klSqwPJ3BCsxMVH79u0z9sPh8Xi0aNEidejQQW6328h7hjr2qVnsT/PYp2axP80rj32akZGhGjVqhFRgBf0pwt9++00pKSm67777dN999xV6zOVyqUePHnrvvfeKvS4qKkpRUVHFtrvdbuP/EpfHe4Y69qlZ7E/z2KdmsT/NM7lPQ/HPJugDq3nz5sWOVJXmCBYAAEBZhcynCAEAACpKSAZWUlISR68AAEC5CcnAAgAAKE8EFgAAgGEEFgAAgGEEFgAAgGEEFgAAgGEEFgAAgGEEFgAAgGEEFgAAgGEEFgAAgGEEFgAAgGEEFgAAgGEEFgAAgGEEFgAAgGEEFgAAgGEEFgAAgGEEFgAAgGEEFgAAgGEEFgAAgGEEFgAAgGEEFgAAgGEEFgAAgGEEFgAAgGEEFgAAgGEEFgAAgGEEFgAAgGEEFgAAgGEEFgAAgGEEFgAAgGEEFgAAgGEEFgAAgGEEFgAAgGEEFgAAgGEEFgAAgGEEFgAAgGERdi8gUFiWJUnKyMgw9p4ej0eZmZnKyMiQ2+029r6hjH1qFvvTPPapWexP88pjnxb8t7Pgv6WhgMAqpSNHjkiSEhMTbV4JAACB6ciRI6pWrZrdy6gQLiuUcvIM5Ofna+fOnapatapcLpeR98zIyFBiYqK2b9+u2NhYI+8Z6tinZrE/zWOfmsX+NK889qllWTpy5Ihq166tsLDQmE7iCFYphYWFKSEhoVzeOzY2lr8YDGOfmsX+NI99ahb70zzT+zRUjlwVCI2MBAAAqEAEFgAAgGEElo2ioqL07LPPKioqyu6lBA32qVnsT/PYp2axP81jn5rBkDsAAIBhHMECAAAwjMACAAAwjMACAAAwjMByiF9//VUdO3ZUQkKC6tatqz59+ujAgQN2LyugvPPOO2ratKkSEhJ0+eWX67///a/dSwpoU6dOVZMmTVSnTh01btxYkydPtntJQSM9PV1xcXHq06eP3UsJaFu3blXnzp1Vp04dnXvuubr77ru1a9cuu5cVsI4ePaohQ4aofv36SkhIUJMmTTRhwgS7lxWwCCwH2L9/v9q3b6+bbrpJ27dv18aNG5Wdna1u3brZvbSA8d577+nvf/+7Zs6cqfT0dD311FO6+eabtXXrVruXFpDeffddjRw5Uh999JF27NihWbNm6R//+Ic++OADu5cW8CzLUu/evcvtwsWh4tChQ2rXrp06deqk9PR0bdmyRW63W//85z/tXlrAuvfee7V27VqtWLFC6enpmjFjhsaMGcM+LSM+RegAixYt0tSpUzVjxgzvtrVr1+qSSy7RoUOHQu7qt2VxwQUXqF+/fho8eLB326233qoLLrhAr7zyio0rC0yPPvqoWrduXSjyhwwZoq1bt2rWrFk2rizwvfzyy/ryyy915ZVXKjU1Ve+8847dSwpIzz77rFatWqXPP//cuy0vL0/h4eE2riqwRUdH68MPP9Stt97q3TZo0CBt3rxZn332mY0rC0wcwXKADh06FIor6XhgRUVFcR2SUti+fbtSUlJ0yy23FNreqVMnzZ8/36ZVBbaJEycWO4K6du1abkVyhtasWaPk5GRNmjTJ7qUEvM8++0wdO3YstI24OjMtW7bU7NmzlZ+fL+n4KcPFixerbdu2Nq8sMBFYDrRgwQL169dPw4YNU6VKlexejuPt2LFDklS7du1C22vXru19DGXn8Xj02GOPadmyZRo6dKjdywlY2dnZ6tGjh5KTk9WgQQO7lxPwNm3apOrVq+vBBx9U/fr1dfHFF+v5559Xbm6u3UsLWB9//LEOHTqkSy65RH379tU111yjvn37asiQIXYvLSARWOVs7969SkhIOOnXuHHjvM/Ny8vT3//+d3Xp0kXPPfecnn32WRtXHjjcbrckFbtDu8vlEmfAz0xaWpratGmjr776SkuXLlXTpk3tXlLAevLJJ3XeeefpgQcesHspQSEvL0/PP/+8evbsqS1btmjmzJmaMWOGnnrqKbuXFrB27dql33//Xa1atdIVV1yh2NhYzZ49mw8OlFGE3QsIdjVr1lR6evopn5edna0uXbpo3759WrVqlRo2bFgBqwsOBcPCO3fu1Pnnn+/dvnPnTtWpU8euZQW8lStXqmPHjurVq5dGjx7N6eozsHDhQn344Ydau3at3UsJGnXr1tVDDz2kq6++WpLUsGFDjRgxQv3792fusgwyMjLUoUMHTZkyRbfddpsk6b777tOjjz6qHj16aPHixfYuMABxBMshevXqpcqVK2vp0qXE1WmKj49Xs2bNNG/evELbFyxYoBtvvNGmVQW2tLQ0dezYURMmTNDLL79MXJ2hefPmac+ePYqPj5fL5ZLL5dKoUaM0bdo0uVwuffnll3YvMeC0adNGOTk5xbbzs1o2GzZs0P79+3XNNdcU2n7DDTfohx9+sGdRgc6C7T788EOrUaNGVnZ2tt1LCVjTp0+36tSpY23cuNGyLMv65JNPrNjYWCslJcXmlQWmm266yRo5cqTdywhqzz77rNW7d2+7lxGwNm3aZNWuXdv65ptvLMuyrNTUVOuiiy6yRowYYfPKAtORI0esc845x3rsscesP/74w7Ks4/v0yiuvtG6//XabVxeYOEXoAPPnz1d6errOO++8Yo+9+uqr6tq1qw2rCizdunVTRkaGbrnlFh09elR16tTRnDlz/O5TnNr8+fO1cuVKvfXWW8UeK80pb6C8nX/++Zo+fbqefPJJbd26VVWrVlWfPn00bNgwu5cWkKpUqaLvvvtOzz77rBo2bKi8vDxFR0era9euGjFihN3LC0hcBwsAAMAwZrAAAAAMI7AAAAAMI7AAAAAMI7AAAAAMI7AAAAAMI7AAAAAMI7AAAAAMI7AAAAAMI7AAAAAMI7AAAAAMI7AABKw33nhDCQkJOnTokCQpJSVFZ511llasWGHvwgCEPO5FCCCgde7cWXFxcZo6daquvvpq3XrrrXriiSfsXhaAEEdgAQho+/bt0yWXXKKrrrpKGRkZWrBggVwul93LAhDiIuxeAACciRo1aqh///4aPny4vv32W+IKgCNwBAtAQNu2bZsuv/xy3X777Vq5cqW+//57ud1uu5cFIMQx5A4gYOXl5al79+565JFHNGnSJEVHR2vEiBF2LwsAOIIFIHCNGDFCn3/+uX766Se53W5t2bJFzZs316effqr27dvbvTwAIYzAAgAAMIxThAAAAIYRWAAAAIYRWAAAAIYRWAAAAIYRWAAAAIYRWAAAAIYRWAAAAIYRWAAAAIYRWAAAAIYRWAAAAIYRWAAAAIYRWAAAAIYRWAAAAIYRWAAAAIYRWAAAAIYRWAAAAIYRWAAAAIYRWAAAAIYRWAAAAIYRWAAAAIYRWAAAAIYRWAAAAIYRWAAAAIYRWAAAAIYRWAAAAIYRWAAAAIYRWAAAAIb9f7nfOz6X3miNAAAAAElFTkSuQmCC"/><figcaption aria-hidden="true">平行な直線と点のグラフ</figcaption></figure><ul><li>黒の破線が元の直線<math display="inline" xmlns="http://www.w3.org/1998/Math/MathML"><semantics><mrow><mi>y</mi><mo>=</mo><mi>−</mi><mfrac displaystyle="true"><mn>1</mn><mn>2</mn></mfrac><mi>x</mi><mo>+</mo><mn>3</mn></mrow><annotation encoding="application/x-tex">y = -\dfrac{1}{2}x + 3</annotation></semantics></math>。</li><li>赤い線が求めた直線<math display="inline" xmlns="http://www.w3.org/1998/Math/MathML"><semantics><mrow><mi>y</mi><mo>=</mo><mi>−</mi><mfrac displaystyle="true"><mn>1</mn><mn>2</mn></mfrac><mi>x</mi><mo>+</mo><mn>1</mn></mrow><annotation encoding="application/x-tex">y = -\dfrac{1}{2}x + 1</annotation></semantics></math>。</li><li>青い点が通るべき点 (4, -1)。</li><li>2つの直線は平行であることがわかります。</li></ul>            </div>        </foreignObject>        </svg>        ', 'https://firebasestorage.googleapis.com/v0/b/fairedu-eb4f7.appspot.com/o/segment_8.mp3?alt=media&token=3ec6362a-b0d2-403a-9cc3-48f41ff54ba3', '元の直線と求めた直線を同じグラフに描いてみましょう。黒の破線が元の直線、ワイ　イコール　マイナス　2分のいち　かける　エックス　プラス　3です。赤い線が求めた直線、ワイ　イコール　マイナス　2分のいち　かける　エックス　プラス　1です。青い点が通るべき点、てん　よん　カンマ　マイナス　1です。2つの直線は平行であることがわかります。', 'str8'),
('seg9', 'lec11', '{"円の方程式の基本形","円の定義式","(x - h)^2 + (y - k)^2 = r^2"}', 'seg8', 'seg10', '        <svg xmlns="http://www.w3.org/2000/svg" viewBox="0 0 676 566">        <foreignObject x= "50" y="0" width="90%" height="100%">            <div xmlns="http://www.w3.org/1999/xhtml">            <style>html {color: #1a1a1a;background-color: #fdfdfd;}body {margin: 0 auto;max-width: 36em;padding-left: 50px;padding-right: 50px;padding-top: 50px;padding-bottom: 50px;hyphens: auto;overflow-wrap: break-word;text-rendering: optimizeLegibility;font-kerning: normal;}@media (max-width: 600px) {body {font-size: 0.9em;padding: 12px;}h1 {font-size: 1.8em;}}@media print {html {background-color: white;}body {background-color: transparent;color: black;font-size: 12pt;}p, h2, h3 {orphans: 3;widows: 3;}h2, h3, h4 {page-break-after: avoid;}}p {margin: 1em 0;}a {color: #1a1a1a;}a:visited {color: #1a1a1a;}img {max-width: 100%;}svg {height: auto;max-width: 100%;}h1, h2, h3, h4, h5, h6 {margin-top: 1.4em;}h5, h6 {font-size: 1em;font-style: italic;}h6 {font-weight: normal;}ol, ul {padding-left: 1.7em;margin-top: 1em;}li > ol, li > ul {margin-top: 0;}blockquote {margin: 1em 0 1em 1.7em;padding-left: 1em;border-left: 2px solid #e6e6e6;color: #606060;}code {font-family: Menlo, Monaco, Consolas, ''Lucida Console'', monospace;font-size: 85%;margin: 0;hyphens: manual;}pre {margin: 1em 0;overflow: auto;}pre code {padding: 0;overflow: visible;overflow-wrap: normal;}.sourceCode {background-color: transparent;overflow: visible;}hr {background-color: #1a1a1a;border: none;height: 1px;margin: 1em 0;}table {margin: 1em 0;border-collapse: collapse;width: 100%;overflow-x: auto;display: block;font-variant-numeric: lining-nums tabular-nums;}table caption {margin-bottom: 0.75em;}tbody {margin-top: 0.5em;border-top: 1px solid #1a1a1a;border-bottom: 1px solid #1a1a1a;}th {border-top: 1px solid #1a1a1a;padding: 0.25em 0.5em 0.25em 0.5em;}td {padding: 0.125em 0.5em 0.25em 0.5em;}header {margin-bottom: 4em;text-align: center;}#TOC li {list-style: none;}#TOC ul {padding-left: 1.3em;}#TOC > ul {padding-left: 0;}#TOC a:not(:hover) {text-decoration: none;}code{white-space: pre-wrap;}span.smallcaps{font-variant: small-caps;}div.columns{display: flex; gap: min(4vw, 1.5em);}div.column{flex: auto; overflow-x: auto;}div.hanging-indent{margin-left: 1.5em; text-indent: -1.5em;}ul.task-list[class]{list-style: none;}ul.task-list li input[type="checkbox"] {font-size: inherit;width: 0.8em;margin: 0 0.8em 0.2em -1.6em;vertical-align: middle;}</style><h2 id="円の方程式">3. 円の方程式</h2><p>次に、<strong>円の方程式</strong>について学びます。円は、特定の点（中心）から一定の距離（半径）にある点の集合です。</p><h3 id="円の方程式の形式">円の方程式の形式</h3><ol type="1"><li><p><strong>標準形</strong></p><p><math display="block" xmlns="http://www.w3.org/1998/Math/MathML"><semantics><mrow><msup><mrow><mo form="prefix" stretchy="true">(</mo><mi>x</mi><mo>−</mo><mi>h</mi><mo form="postfix" stretchy="true">)</mo></mrow><mn>2</mn></msup><mo>+</mo><msup><mrow><mo form="prefix" stretchy="true">(</mo><mi>y</mi><mo>−</mo><mi>k</mi><mo form="postfix" stretchy="true">)</mo></mrow><mn>2</mn></msup><mo>=</mo><msup><mi>r</mi><mn>2</mn></msup></mrow><annotation encoding="application/x-tex">(x - h)^2 + (y - k)^2 = r^2</annotation></semantics></math></p><ul><li><math display="inline" xmlns="http://www.w3.org/1998/Math/MathML"><semantics><mrow><mo form="prefix" stretchy="true">(</mo><mi>h</mi><mo>,</mo><mi>k</mi><mo form="postfix" stretchy="true">)</mo></mrow><annotation encoding="application/x-tex">(h, k)</annotation></semantics></math>は中心の座標。</li><li><math display="inline" xmlns="http://www.w3.org/1998/Math/MathML"><semantics><mi>r</mi><annotation encoding="application/x-tex">r</annotation></semantics></math>は半径。</li></ul></li><li><p><strong>一般形</strong></p><p><math display="block" xmlns="http://www.w3.org/1998/Math/MathML"><semantics><mrow><msup><mi>x</mi><mn>2</mn></msup><mo>+</mo><msup><mi>y</mi><mn>2</mn></msup><mo>+</mo><mi>D</mi><mi>x</mi><mo>+</mo><mi>E</mi><mi>y</mi><mo>+</mo><mi>F</mi><mo>=</mo><mn>0</mn></mrow><annotation encoding="application/x-tex">x^2 + y^2 + Dx + Ey + F = 0</annotation></semantics></math></p><ul><li><math display="inline" xmlns="http://www.w3.org/1998/Math/MathML"><semantics><mi>D</mi><annotation encoding="application/x-tex">D</annotation></semantics></math>,<math display="inline" xmlns="http://www.w3.org/1998/Math/MathML"><semantics><mi>E</mi><annotation encoding="application/x-tex">E</annotation></semantics></math>,<math display="inline" xmlns="http://www.w3.org/1998/Math/MathML"><semantics><mi>F</mi><annotation encoding="application/x-tex">F</annotation></semantics></math>は定数。</li></ul></li></ol>            </div>        </foreignObject>        </svg>        ', 'https://firebasestorage.googleapis.com/v0/b/fairedu-eb4f7.appspot.com/o/segment_9.mp3?alt=media&token=37a1377d-89b2-41ab-8127-f937b73bb6cf', '次に、えんのほうていしきについてまなびます。えんは、とくていのてん、すなわちちゅうしんからいっていのきょり、はんけいにあるてんのしゅうごうです。### えんのほうていしきのけいしき1. **ひょうじゅんけい**   かっこ　エックス　マイナス　えいち　の　2じょう　たす　かっこ　ワイ　マイナス　けい　の　2じょう　イコール　あーる　の　2じょう   -  かっこ　えいち、けい　は　ちゅうしんのざひょう。   -  あーる　は　はんけいを表しています2. **いっぱんけい**   エックス　の　2じょう　たす　ワイ　の　2じょう　たす　でぃー　エックス　たす　いー　ワイ　たす　えふ　イコール　ゼロ   -  でぃー、いー、えふ　は　ていすうです。', 'str9'),
('seg10', 'lec11', '{"例題3の問題","x^2 + y^2 - 4x + 6y - 12 = 0の中心と半径を求める問題文",""}', 'seg9', 'seg11', '        <svg xmlns="http://www.w3.org/2000/svg" viewBox="0 0 676 246">        <foreignObject x= "50" y="0" width="90%" height="100%">            <div xmlns="http://www.w3.org/1999/xhtml">            <style>html {color: #1a1a1a;background-color: #fdfdfd;}body {margin: 0 auto;max-width: 36em;padding-left: 50px;padding-right: 50px;padding-top: 50px;padding-bottom: 50px;hyphens: auto;overflow-wrap: break-word;text-rendering: optimizeLegibility;font-kerning: normal;}@media (max-width: 600px) {body {font-size: 0.9em;padding: 12px;}h1 {font-size: 1.8em;}}@media print {html {background-color: white;}body {background-color: transparent;color: black;font-size: 12pt;}p, h2, h3 {orphans: 3;widows: 3;}h2, h3, h4 {page-break-after: avoid;}}p {margin: 1em 0;}a {color: #1a1a1a;}a:visited {color: #1a1a1a;}img {max-width: 100%;}svg {height: auto;max-width: 100%;}h1, h2, h3, h4, h5, h6 {margin-top: 1.4em;}h5, h6 {font-size: 1em;font-style: italic;}h6 {font-weight: normal;}ol, ul {padding-left: 1.7em;margin-top: 1em;}li > ol, li > ul {margin-top: 0;}blockquote {margin: 1em 0 1em 1.7em;padding-left: 1em;border-left: 2px solid #e6e6e6;color: #606060;}code {font-family: Menlo, Monaco, Consolas, ''Lucida Console'', monospace;font-size: 85%;margin: 0;hyphens: manual;}pre {margin: 1em 0;overflow: auto;}pre code {padding: 0;overflow: visible;overflow-wrap: normal;}.sourceCode {background-color: transparent;overflow: visible;}hr {background-color: #1a1a1a;border: none;height: 1px;margin: 1em 0;}table {margin: 1em 0;border-collapse: collapse;width: 100%;overflow-x: auto;display: block;font-variant-numeric: lining-nums tabular-nums;}table caption {margin-bottom: 0.75em;}tbody {margin-top: 0.5em;border-top: 1px solid #1a1a1a;border-bottom: 1px solid #1a1a1a;}th {border-top: 1px solid #1a1a1a;padding: 0.25em 0.5em 0.25em 0.5em;}td {padding: 0.125em 0.5em 0.25em 0.5em;}header {margin-bottom: 4em;text-align: center;}#TOC li {list-style: none;}#TOC ul {padding-left: 1.3em;}#TOC > ul {padding-left: 0;}#TOC a:not(:hover) {text-decoration: none;}code{white-space: pre-wrap;}span.smallcaps{font-variant: small-caps;}div.columns{display: flex; gap: min(4vw, 1.5em);}div.column{flex: auto; overflow-x: auto;}div.hanging-indent{margin-left: 1.5em; text-indent: -1.5em;}ul.task-list[class]{list-style: none;}ul.task-list li input[type="checkbox"] {font-size: inherit;width: 0.8em;margin: 0 0.8em 0.2em -1.6em;vertical-align: middle;}</style><h3 id="例題3">【例題3】</h3><p><strong>次の円の方程式を標準形に直し、中心と半径を求めてください。</strong></p><p><math display="block" xmlns="http://www.w3.org/1998/Math/MathML"><semantics><mrow><msup><mi>x</mi><mn>2</mn></msup><mo>+</mo><msup><mi>y</mi><mn>2</mn></msup><mo>−</mo><mn>4</mn><mi>x</mi><mo>+</mo><mn>6</mn><mi>y</mi><mo>−</mo><mn>12</mn><mo>=</mo><mn>0</mn></mrow><annotation encoding="application/x-tex">x^2 + y^2 - 4x + 6y - 12 = 0</annotation></semantics></math></p>            </div>        </foreignObject>        </svg>        ', 'https://firebasestorage.googleapis.com/v0/b/fairedu-eb4f7.appspot.com/o/segment_10.mp3?alt=media&token=97941aa0-28aa-4258-a0aa-b573c963accf', '次の円の方程式を標準形に直し、中心と半径を求めてください。エックス　2乗　プラス　ワイ　2乗　マイナス　4　かける　エックス　プラス　6　かける　ワイ　マイナス　12　イコール　0', 'str10'),
('seg11', 'lec11', '{"例題3の解説","円の方程式の平方完成の演習問題",""}', 'seg10', 'seg12', '        <svg xmlns="http://www.w3.org/2000/svg" viewBox="0 0 676 840">        <foreignObject x= "50" y="0" width="90%" height="100%">            <div xmlns="http://www.w3.org/1999/xhtml">            <style>html {color: #1a1a1a;background-color: #fdfdfd;}body {margin: 0 auto;max-width: 36em;padding-left: 50px;padding-right: 50px;padding-top: 50px;padding-bottom: 50px;hyphens: auto;overflow-wrap: break-word;text-rendering: optimizeLegibility;font-kerning: normal;}@media (max-width: 600px) {body {font-size: 0.9em;padding: 12px;}h1 {font-size: 1.8em;}}@media print {html {background-color: white;}body {background-color: transparent;color: black;font-size: 12pt;}p, h2, h3 {orphans: 3;widows: 3;}h2, h3, h4 {page-break-after: avoid;}}p {margin: 1em 0;}a {color: #1a1a1a;}a:visited {color: #1a1a1a;}img {max-width: 100%;}svg {height: auto;max-width: 100%;}h1, h2, h3, h4, h5, h6 {margin-top: 1.4em;}h5, h6 {font-size: 1em;font-style: italic;}h6 {font-weight: normal;}ol, ul {padding-left: 1.7em;margin-top: 1em;}li > ol, li > ul {margin-top: 0;}blockquote {margin: 1em 0 1em 1.7em;padding-left: 1em;border-left: 2px solid #e6e6e6;color: #606060;}code {font-family: Menlo, Monaco, Consolas, ''Lucida Console'', monospace;font-size: 85%;margin: 0;hyphens: manual;}pre {margin: 1em 0;overflow: auto;}pre code {padding: 0;overflow: visible;overflow-wrap: normal;}.sourceCode {background-color: transparent;overflow: visible;}hr {background-color: #1a1a1a;border: none;height: 1px;margin: 1em 0;}table {margin: 1em 0;border-collapse: collapse;width: 100%;overflow-x: auto;display: block;font-variant-numeric: lining-nums tabular-nums;}table caption {margin-bottom: 0.75em;}tbody {margin-top: 0.5em;border-top: 1px solid #1a1a1a;border-bottom: 1px solid #1a1a1a;}th {border-top: 1px solid #1a1a1a;padding: 0.25em 0.5em 0.25em 0.5em;}td {padding: 0.125em 0.5em 0.25em 0.5em;}header {margin-bottom: 4em;text-align: center;}#TOC li {list-style: none;}#TOC ul {padding-left: 1.3em;}#TOC > ul {padding-left: 0;}#TOC a:not(:hover) {text-decoration: none;}code{white-space: pre-wrap;}span.smallcaps{font-variant: small-caps;}div.columns{display: flex; gap: min(4vw, 1.5em);}div.column{flex: auto; overflow-x: auto;}div.hanging-indent{margin-left: 1.5em; text-indent: -1.5em;}ul.task-list[class]{list-style: none;}ul.task-list li input[type="checkbox"] {font-size: inherit;width: 0.8em;margin: 0 0.8em 0.2em -1.6em;vertical-align: middle;}</style><h4 id="解答">【解答】</h4><ol type="1"><li><p><strong>平方完成を行います</strong></p><ul><li><math display="inline" xmlns="http://www.w3.org/1998/Math/MathML"><semantics><mi>x</mi><annotation encoding="application/x-tex">x</annotation></semantics></math>に関する項をまとめて平方完成：</li></ul><p><math display="block" xmlns="http://www.w3.org/1998/Math/MathML"><semantics><mrow><msup><mi>x</mi><mn>2</mn></msup><mo>−</mo><mn>4</mn><mi>x</mi><mo>=</mo><msup><mrow><mo form="prefix" stretchy="true">(</mo><mi>x</mi><mo>−</mo><mn>2</mn><mo form="postfix" stretchy="true">)</mo></mrow><mn>2</mn></msup><mo>−</mo><mn>4</mn></mrow><annotation encoding="application/x-tex">  x^2 - 4x = (x - 2)^2 - 4  </annotation></semantics></math></p><ul><li><math display="inline" xmlns="http://www.w3.org/1998/Math/MathML"><semantics><mi>y</mi><annotation encoding="application/x-tex">y</annotation></semantics></math>に関する項をまとめて平方完成：</li></ul><p><math display="block" xmlns="http://www.w3.org/1998/Math/MathML"><semantics><mrow><msup><mi>y</mi><mn>2</mn></msup><mo>+</mo><mn>6</mn><mi>y</mi><mo>=</mo><msup><mrow><mo form="prefix" stretchy="true">(</mo><mi>y</mi><mo>+</mo><mn>3</mn><mo form="postfix" stretchy="true">)</mo></mrow><mn>2</mn></msup><mo>−</mo><mn>9</mn></mrow><annotation encoding="application/x-tex">  y^2 + 6y = (y + 3)^2 - 9  </annotation></semantics></math></p></li><li><p><strong>元の方程式に代入します</strong></p><p><math display="block" xmlns="http://www.w3.org/1998/Math/MathML"><semantics><mrow><msup><mrow><mo form="prefix" stretchy="true">(</mo><mi>x</mi><mo>−</mo><mn>2</mn><mo form="postfix" stretchy="true">)</mo></mrow><mn>2</mn></msup><mo>−</mo><mn>4</mn><mo>+</mo><msup><mrow><mo form="prefix" stretchy="true">(</mo><mi>y</mi><mo>+</mo><mn>3</mn><mo form="postfix" stretchy="true">)</mo></mrow><mn>2</mn></msup><mo>−</mo><mn>9</mn><mo>−</mo><mn>12</mn><mo>=</mo><mn>0</mn></mrow><annotation encoding="application/x-tex">(x - 2)^2 - 4 + (y + 3)^2 - 9 - 12 = 0</annotation></semantics></math></p></li><li><p><strong>定数項をまとめます</strong></p><p><math display="block" xmlns="http://www.w3.org/1998/Math/MathML"><semantics><mrow><msup><mrow><mo form="prefix" stretchy="true">(</mo><mi>x</mi><mo>−</mo><mn>2</mn><mo form="postfix" stretchy="true">)</mo></mrow><mn>2</mn></msup><mo>+</mo><msup><mrow><mo form="prefix" stretchy="true">(</mo><mi>y</mi><mo>+</mo><mn>3</mn><mo form="postfix" stretchy="true">)</mo></mrow><mn>2</mn></msup><mo>−</mo><mn>25</mn><mo>=</mo><mn>0</mn></mrow><annotation encoding="application/x-tex">(x - 2)^2 + (y + 3)^2 - 25 = 0</annotation></semantics></math></p></li><li><p><strong>両辺に 25 を加えます</strong></p><p><math display="block" xmlns="http://www.w3.org/1998/Math/MathML"><semantics><mrow><msup><mrow><mo form="prefix" stretchy="true">(</mo><mi>x</mi><mo>−</mo><mn>2</mn><mo form="postfix" stretchy="true">)</mo></mrow><mn>2</mn></msup><mo>+</mo><msup><mrow><mo form="prefix" stretchy="true">(</mo><mi>y</mi><mo>+</mo><mn>3</mn><mo form="postfix" stretchy="true">)</mo></mrow><mn>2</mn></msup><mo>=</mo><mn>25</mn></mrow><annotation encoding="application/x-tex">(x - 2)^2 + (y + 3)^2 = 25</annotation></semantics></math></p></li><li><p><strong>中心と半径を求めます</strong></p><ul><li>中心：<math display="inline" xmlns="http://www.w3.org/1998/Math/MathML"><semantics><mrow><mo form="prefix" stretchy="true">(</mo><mn>2</mn><mo>,</mo><mi>−</mi><mn>3</mn><mo form="postfix" stretchy="true">)</mo></mrow><annotation encoding="application/x-tex">(2, -3)</annotation></semantics></math></li><li>半径：<math display="inline" xmlns="http://www.w3.org/1998/Math/MathML"><semantics><mrow><msqrt><mn>25</mn></msqrt><mo>=</mo><mn>5</mn></mrow><annotation encoding="application/x-tex">\sqrt{25} = 5</annotation></semantics></math></li></ul></li></ol><h4 id="答え">【答え】</h4><ul><li><strong>標準形</strong>：<math display="inline" xmlns="http://www.w3.org/1998/Math/MathML"><semantics><mrow><msup><mrow><mo form="prefix" stretchy="true">(</mo><mi>x</mi><mo>−</mo><mn>2</mn><mo form="postfix" stretchy="true">)</mo></mrow><mn>2</mn></msup><mo>+</mo><msup><mrow><mo form="prefix" stretchy="true">(</mo><mi>y</mi><mo>+</mo><mn>3</mn><mo form="postfix" stretchy="true">)</mo></mrow><mn>2</mn></msup><mo>=</mo><mn>25</mn></mrow><annotation encoding="application/x-tex">(x - 2)^2 + (y + 3)^2 = 25</annotation></semantics></math></li><li><strong>中心</strong>：<math display="inline" xmlns="http://www.w3.org/1998/Math/MathML"><semantics><mrow><mo form="prefix" stretchy="true">(</mo><mn>2</mn><mo>,</mo><mi>−</mi><mn>3</mn><mo form="postfix" stretchy="true">)</mo></mrow><annotation encoding="application/x-tex">(2, -3)</annotation></semantics></math></li><li><strong>半径</strong>：5</li></ul>            </div>        </foreignObject>        </svg>        ', 'https://firebasestorage.googleapis.com/v0/b/fairedu-eb4f7.appspot.com/o/segment_11.mp3?alt=media&token=245c6f18-fcff-47e8-a286-cd3cabf97fc8', '1. へいほうかんせいをおこないます   - エックス にかんするこうをまとめてへいほうかんせい：     エックス 2乗 ひく 4 エックス は かっこ えックス ひく 2 かっこ 2乗 ひく 4   - ワイ にかんするこうをまとめてへいほうかんせい：     ワイ 2乗 プラス 6 ワイ は かっこ ワイ プラス 3 かっこ 2乗 ひく 92. もとのほうていしきにだいにゅうします   かっこ えックス ひく 2 かっこ 2乗 ひく 4 プラス かっこ ワイ プラス 3 かっこ 2乗 ひく 9 ひく 12 は 03. ていすうこうをまとめます   かっこ えックス ひく 2 かっこ 2乗 プラス かっこ ワイ プラス 3 かっこ 2乗 ひく 25 は 04. りょうへんに 25 をくわえます   かっこ えックス ひく 2 かっこ 2乗 プラス かっこ ワイ プラス 3 かっこ 2乗 は 255. ちゅうしんとはんけいをもとめます   - ちゅうしん： かっこ 2, ひく 3 かっこ   - はんけい： 5', 'str11'),
('seg12', 'lec11', '{"例題3の解説","円のグラフ",""}', 'seg11', 'seg13', '        <svg xmlns="http://www.w3.org/2000/svg" viewBox="0 0 676 871">        <foreignObject x= "50" y="0" width="90%" height="100%">            <div xmlns="http://www.w3.org/1999/xhtml">            <style>html {color: #1a1a1a;background-color: #fdfdfd;}body {margin: 0 auto;max-width: 36em;padding-left: 50px;padding-right: 50px;padding-top: 50px;padding-bottom: 50px;hyphens: auto;overflow-wrap: break-word;text-rendering: optimizeLegibility;font-kerning: normal;}@media (max-width: 600px) {body {font-size: 0.9em;padding: 12px;}h1 {font-size: 1.8em;}}@media print {html {background-color: white;}body {background-color: transparent;color: black;font-size: 12pt;}p, h2, h3 {orphans: 3;widows: 3;}h2, h3, h4 {page-break-after: avoid;}}p {margin: 1em 0;}a {color: #1a1a1a;}a:visited {color: #1a1a1a;}img {max-width: 100%;}svg {height: auto;max-width: 100%;}h1, h2, h3, h4, h5, h6 {margin-top: 1.4em;}h5, h6 {font-size: 1em;font-style: italic;}h6 {font-weight: normal;}ol, ul {padding-left: 1.7em;margin-top: 1em;}li > ol, li > ul {margin-top: 0;}blockquote {margin: 1em 0 1em 1.7em;padding-left: 1em;border-left: 2px solid #e6e6e6;color: #606060;}code {font-family: Menlo, Monaco, Consolas, ''Lucida Console'', monospace;font-size: 85%;margin: 0;hyphens: manual;}pre {margin: 1em 0;overflow: auto;}pre code {padding: 0;overflow: visible;overflow-wrap: normal;}.sourceCode {background-color: transparent;overflow: visible;}hr {background-color: #1a1a1a;border: none;height: 1px;margin: 1em 0;}table {margin: 1em 0;border-collapse: collapse;width: 100%;overflow-x: auto;display: block;font-variant-numeric: lining-nums tabular-nums;}table caption {margin-bottom: 0.75em;}tbody {margin-top: 0.5em;border-top: 1px solid #1a1a1a;border-bottom: 1px solid #1a1a1a;}th {border-top: 1px solid #1a1a1a;padding: 0.25em 0.5em 0.25em 0.5em;}td {padding: 0.125em 0.5em 0.25em 0.5em;}header {margin-bottom: 4em;text-align: center;}#TOC li {list-style: none;}#TOC ul {padding-left: 1.3em;}#TOC > ul {padding-left: 0;}#TOC a:not(:hover) {text-decoration: none;}code{white-space: pre-wrap;}span.smallcaps{font-variant: small-caps;}div.columns{display: flex; gap: min(4vw, 1.5em);}div.column{flex: auto; overflow-x: auto;}div.hanging-indent{margin-left: 1.5em; text-indent: -1.5em;}ul.task-list[class]{list-style: none;}ul.task-list li input[type="checkbox"] {font-size: inherit;width: 0.8em;margin: 0 0.8em 0.2em -1.6em;vertical-align: middle;}</style><h3 id="グラフの描画">【グラフの描画】</h3><p>この円をグラフで描いてみましょう。</p><h4 id="グラフの説明">【グラフの説明】</h4><figure><img alt="円のグラフ" aria-label="円のグラフ" role="img" src="data:image/png;base64,iVBORw0KGgoAAAANSUhEUgAAAlgAAAJYCAYAAAC+ZpjcAAAAOXRFWHRTb2Z0d2FyZQBNYXRwbG90bGliIHZlcnNpb24zLjcuMSwgaHR0cHM6Ly9tYXRwbG90bGliLm9yZy/bCgiHAAAACXBIWXMAAA9hAAAPYQGoP6dpAABrq0lEQVR4nO3dd3hUVeLG8e+09EYKIQ0CCb13pYioWFBEsS3YgFVXbLuiq6u7Ku7PsrqWtfeuoKCoKCJgV4r0TgKBACkQUkhvk5n5/ZEQZcGVMsmd8n6ehyfkJkPeuYTMyznnnmtyuVwuRERERMRtzEYHEBEREfE1KlgiIiIibqaCJSIiIuJmKlgiIiIibqaCJSIiIuJmKlgiIiIibqaCJSIiIuJmKlgiIiIibqaCJSIiIuJmKlgiIiIibqaCJSIiIuJmKlgiIiIibqaCJSIiIuJmKlgiIiIibqaCJSIiIuJmKlgiIiIibqaCJSIiIuJmKlgiIiIibqaCJSIiIuJmKlgiIiIibqaCJSIiIuJmKlgiIiIibqaCJSIiIuJmKlgiIiIibqaCJSIiIuJmKlgiIiIibqaCJSIiIuJmKlgiIiIibqaCJSIiIuJmKlgiIiIibqaCJSIiIuJmKlgiIiIibqaCJSIiIuJmKlgiIiIibqaCJSIiIuJmKlgiIiIibqaCJSIiIuJmKlgiIiIibqaCJSIiIuJmKlgiIiIibqaCJSIiIuJmKlgiIiIibqaCJSIiIuJmKlgiIiIibqaCJSIiIuJmKlgiIiIibqaCJSIiIuJmKlgiIiIibqaCJSI+yel08vDDD1NYWGh0FBHxQypYIuLViouLDztWWFjIjz/+SEVFBaeffjqVlZUGJBMRf6aCJSJHLTk5GZPJdNS/Jk+e/Lt/Zk1NDfn5+VRUVBxzHqfTydChQ7nzzjsPOb5161bGjx/PmWeeSZcuXXjllVcO+XhZWRkZGRn/81d+fv4x5xEROchqdAAR8S4PPfQQF154YfP7X3zxBY8//jhff/31IZ93xx13/OafUVhYyBNPPMFHH33E9u3bMZlMuFwu0tLSuPrqq7ntttsICQn53Szz5s1jx44dXHbZZYccP+WUU3j++ee54oor2LBhA23atDnk4x9//DFTpkz5n3/2ZZddxvvvv3/Ej5WWllJbW4vD4aChoeGwtwd/365dO5KTk3/3eYiI71HBEpFjkpCQQLdu3ZrfX7duHTab7ZBjABEREUd8/FdffcWll15K//79efzxx1m6dClff/01CxcuZPHixfzzn/9k1qxZfPnll7Rv3/43c9TX13PXXXcBMHDgwEM+FhYWxrx58/jss8+Ijo4+7LGTJ08+qtG133L22Wfz888/H3LMYrFgs9mw2WxYrVYcDgcmk4kdO3YQExNz3F9LRLyTpghFpNUsWbKEcePGMWPGDL7++mvGjRtHQUEBqamptGnThksvvZSVK1eSkJDA+PHjsdvtv/lnPfroo+zevZvvvvuOrVu3Nv/6+uuvqayspK6ujv79+7fI81i0aBFlZWVUVVVRX1+Py+WioaGBmpoaysvLKSkp4e6778ZutxMVFdUiGUTEs6lgiUirqKur44orrmD69Onccsstzcc3bdpE9+7dm98PDg7mrbfeYuPGjcyZM+eIf9ZXX33FjBkz+Pe//82oUaPo1q1b868dO3YQEhLCqFGjjvjYQYMGHfUaspEjR9LQ0HDYnxEREUFERAQhISHYbLYjfp2ffvqJgQMHYrFYjuU0iYiP0BShiLSKDz74gPLycu65557mY/X19WzYsIF//OMfh3xucnIyQ4cOZeHChUyaNOmQj61fv55LL72UiRMncuONNx72dV599VUuueQSgoODj5jjo48+oqam5nfzTp48mdLSUqzWY/8xeeDAARYvXsxDDz10zI8VEd+ggiUix2TKlClHXCBuMpkOO3b11Vc3/37x4sWcffbZBAUFNR/77rvvaGhoYOTIkYc9NikpiX379h1ybOnSpZx77rkMGjSI11577bDHfPPNN6xYsYKnn376N/N36NDhNz920M6dO1m5ciWPPfbY737ukbz88su4XK7DFt+LiP9QwRKRY/LII48wYcKE3/2822+//ZD38/PzGTJkyCHHPvroI4YPH37YVX4AJSUlh61fio6O5sILL+S5554jICDgkI/Z7XamT5/OuHHjGDp06FE+myO7++67iYmJ4brrrjvmx+7fv59HHnmEq6++mqSkpBPKISLeSwVLRI5J27ZtSU9P/93PCwsLO+z9X++qXl5ezsyZM3nmmWcOe2xFRQXLly/n7rvvPuR4t27deP3114/49e6++26ysrJ+c93W0Xrvvff44IMPeOeddwgNDT2mxzocDq644gqsVisPPvjgCeUQEe+mRe4i0ipGjBjBd99913xl4KOPPkpERMQRp9Huuusu6uvrufLKK4/qz37xxRd57LHHePrpp+ncufNxZ/z444+ZOnUqU6dO5Yorrjimx9rtdiZNmsS3337LW2+9RVxc3HHnEBHvp4IlIq1iypQplJSUcNddd/Hee+/x6KOP8vDDDx+yGP3AgQP86U9/4rnnnuPRRx8lJSXld//chx56iBtuuIH777+fqVOnHle2srIybr31Vi666CIuvfRSXnrppWN6fEZGBsOGDeOTTz7h7bff5pxzzjmuHCLiOzRFKCKtIjY2ltmzZzNhwgQqKir429/+xlVXXUVlZSXvv/8+33//PZ9++ilms5lXXnmFa6655n/+ednZ2fzpT3/im2++4emnn+amm2465kzfffcdc+fO5e2338bpdPLss89yww03HPXj165dy/PPP8+bb75JUlIS3377LcOGDTvmHCLie1SwRMQtGhoaWLhwIfHx8QQEBJCRkcGAAQMO+ZwzzjiDffv2UV5eTrt27QAIDQ1lzpw5VFdXc9999zF58uTf3fn8oYceYsaMGXTs2JElS5Yc96L2999/n08//ZQbbriBW2+99Zim9fbt28eZZ56J2Wzmvvvu47bbbvvNrSFExP+YXC6Xy+gQIuIdkpOTeeCBB37zNjPdu3cnLy+PmpoaoqKiWmy6LCsri/nz5zNt2rTDriY8FvX19VgsluPeDDQ7O5ukpKQTyiAivkkFS0RERMTNtMhdRERExM1UsERERETcTAVLRERExM1UsERERETcTAVLRERExM20D9ZRcjqd5OfnEx4ejslkMjqOiIiI13C5XFRUVJCYmIjZ7B9jOypYRyk/P/+obtshIiIiR5aTk0NycrLRMVqFCtZRCg8PBxq/OSIiIgxO07rsdjuLFi3izDPPxGazGR3HJ+icupfOp/vpnLqfP5/T8vJyUlJSml9L/YEK1lE6OC0YERHhlwUrJCSEiIgIv/uh0FJ0Tt1L59P9dE7dT+cUv1pi4x8ToSIiIiKtSAVLRERExM1UsERERETcTAVLRERExM1UsERERETcTAVLRERExM1UsERERETcTAVLRERExM1UsERERETcTAVLRERExM1UsERERETcTAVLRERExM38qmC99tpr9OzZk6SkJLp3787LL79sdCQRERHxQVajA7SWd955hxkzZvDll1/Ss2dPtm7dyujRowkPD2fixIlGxxMREREf4jcjWMuXL+fRRx+lZ8+eAHTv3p3LL7+cOXPmGJxMREREfI3fjGA999xzhx3buHEjiYmJBqQRkd9T1+Cgus5BVX0D1fUOKusafvV+A5V1DhocTqxmE7hcbNlvon5dPgE2K1azGYvZhNVswmJpems2YTWbsVlMRIUEEB0SQHiQFbPZZPRTFREf5DcF69fsdjvTp09n2bJlLFu27IifU1dXR11dXfP75eXlzY+12+2tktNTHHy+/va8W5I/ntMGh5PCynr2ldWyt6yWfeUH39ZRUF5LeW1jkapuKlR2h+sYv4KFWTs2HdsjzCbahNhoE2IjOjSANiEBv/q9jTYhAc2/T4gMok2IDZPJPwqZP36PtjR/Pqf++JxNLpfrWH+KebU9e/Zw6aWXUl5ezqxZs+jbt+8RP2/GjBncf//9hx2fOXMmISEhLR1TxOs0OGF/DRTUmiitg9L6X94eqIfyenBx7OXEZnIRYIHAg7/MEGhxEWgBiwmcrsZfjqa3TsDpMjW/33y86VeDC6oaoM5x7FmCLS5igyAuyEVccNPbIBdxQRBqO+Y/TsRvVFdXM2nSJMrKyoiIiDA6Tqvwq4K1evVqxo4dy5VXXsmDDz5IYGDgb37ukUawUlJSKCoq8ptvjoPsdjuLFy9mzJgx2Gx6FXEHbz6nLpeLvWW1ZBZUsq2gkox9FWwrqCS7uOp3R51sFhPx4YG0iwyiXUQQ7SKDSIgMIj48kKgQGyEBFkIDrIQEWggNsBBss2C1/P5S0eM5n3UNTg5U13Ogys6B6npKquo5UH3w94ceK6mqp7Cy/n/+eZHBVjrEhJAaHUqHmGA6xISSHhdK57ZhBFi9b7mrN3+Peip/Pqfl5eXExsb6VcHymynCPXv2MHbsWJ599lkuueSS3/38wMDAIxYwm83md/8wDvLn595SPP2cltXYydxXQea+cjL2VTT+vqCCitqGI35+eKCVzvFhJLUJIaGpPDX+CiYhMojYsMAWXfN0LOfTZoOw4EBSYo7uz661O9hdXE12URW7i6vYVVxFdlEVu4qq2VdeS1lNAxtyy9mQW37I4wKsZnokRNAvJYo+yZH0TYmiY0yo16z98vTvUW/kj+fU354v+FHBuv7667nhhhuOqlyJ+COXy0XugRpWZJfwc3YxK7JL2FVcfcTPtZpNpMWF0bVdOF3bhdOt6W1SVLDPrlEKslman+9/q6l3sLukil1FVWQXVTe+La4ic18FZTV21uWUsi6ntPnzw4OsjWUrOYo+yVH0S4miXWRQKz4bEWlpflOwFixYwOrVq3nllVcO+1hubq4BiUSM5XK52FFYxYrsElY0Far8strDPi8xMqipWEQ0F6m0OO+c9mopwQEWurWLoFu7Q6c+XC4Xe0qqWZdTyvqcMjbklrIpv4yK2gaWZBWzJKu4+XPbhgfSN6WxbI1Ij6V3UqTXjHKJyOH8pmD50VIzkSNyOF1k7qtoHp1akV1CcdWh64qsZhO9kyMZ0jGaoR2jGdC+DVEhAQYl9n4mk4kOMaF0iAllfL8koPFqym0FlazPLWVDbinrcsrYVlDB/oo6Fm8pYPGWAv69MJM2ITZGdI7jlM6xnNIljvgIjXCJeBO/KVgi/uhAVT3fZOxn8ZYClu4oovy/1k4FWs30bx/FkI4xDO0YTf/2UYQE6MdCS7JazPRIjKBHYgQTh7QHGqcYN+eXsS6nlJW7SliaVcyBajufrc/ns/X5AHSND+eULo1la3BqNEE2i5FPQ0R+h36SiviYnJJqFm8pYNGWfazcdQCH85fR29AAC4NSo5tHqHonRxJo1Qu10YKb/l4GpUZzzchO2B1O1uWU8sO2Qn7YVsiGvDIyCxovMHjlx2wCrWaGdoppHt3q3DbMZ9e+iXgrFSwRL+dyudicX95UqgrYuvfQq9i6tQvnzJ7tOL1bW3omRhzVtgdiLJvFzODUaAanRnPbmV05UFXPT1lFjYVreyEF5XXN5Yv5W0mMDOLcPgmc3zeJXkkRKlsiHkAFS8QL2R1OVmaXsKhpzU5eaU3zx8wmGJwazZk923Fmj3hSorUxrrdrExrAuL6JjOubiMvlYltBJT9uL+T7bYXNFye88mM2r/yYTcfYUMb1SeD8fomktz38ikcRaR0qWCJewuVysTanlDmrcvhi4z7Kan659USQzcyoLnGM6dGO07q1JTpUC9N9lclkat4u4pqRnai1O/gus5DP1ufz1dYCsouqePqbLJ7+Jotu7cI5v18i4/okqmiLtDIVLBEPt7+ilo/X5DF7VQ47Cquaj0eHBnBG97aM6dGOEemxBAdoLZU/CrJZOLtXO87u1Y7Kuga+2lLAvPX5/LCtkIx9FWR8mcmjX2bSv30U5/dN5NzeCbTVFYkiLU4FS8QD2R1Ovs3Yz+xVuXybub95oXqQzczY3glcPDCZoR1jsGifJPmVsEArF/RP4oL+SZRW17Ng0z4+W5/Psp3FrN1Tyto9pfzf51s4qVMMEwYkc16fBF2NKNJCVLBEPMj2ggrmrM5l7ppcin5177sB7aO4dFAK5/ZJIDzI/245IccuKiSAiUPaM3FIe/aX1/L5hr18tiGftXtKWbqjmKU7inlg/hYuG5zCFUM7aApRxM1UsEQMVl5r5/P1e5m9KueQ26nEhgVy0YAkLhmUrMXKckLaRgQxdURHpo7oSE5JNZ+uy2PWihzySmt46fudvPzDTk7r2pYrT+7AKZ3jtIO8iBuoYIkYpLgW/jk/gw9X51FjdwCNO6mf1q0tlwxK4dSucdi0pYK4WUp0CDed1plpp6bz9dYC3lm+mx+3F/F1xn6+zthPakwIV5zUgQv6tjM6qohXU8ESaWUbckt56bsdfLHJgos9AKS3DeOyQSlc0D+JuPBAgxOKP7CYTY1befRsx47CSt5dvpsPV+eyq7iaB+Zv5bFFmfRvYyZ1bzl928cYHVfE66hgibQCl8vFd5mFvPTDDpbvLGk6amJEegzXj0pneHqMNocUw6TFhXHfuJ7cfmZXPlmXxzvLdpOxr4Jl+82Mf345gzq04aphqYzt1U4b1YocJRUskRZU3+Dk03V5vPLjTrYVVAKN04Dn9W5HF1cO114yEJtNi9bFM4QGWrl8aAcmDWnPsqxC/v3Jz2w8YGHV7gOs2n2AJ2Iapxcv6JeooiXyO1SwRFpAea2dmT/v4Y0l2RSU1wGNl9BPHJLClOEdiQu18sUXOQanFDkyk8nE4NQ2TO7iZNDI0cxZk89bS3exq7ia2+es55lvtnPj6HQu7J+kdYIiv0EFS8SN9lfU8soPO5m1IofKugYA4iMCmTK8I5OGtieiaYsFu93+v/4YEY/RNjyQv5zRhWtHduKd5bt5+Yed7C6u5o4PNzQWrVPTmTAgmQCripbIr6lgibhBRa2dl3/YyWs/ZVNd33hFYJf4MK4d2Ynx/ZL04iNeLzTQyvWj0rjq5A6821S0ckpq+NvcjTzzTRY3jk7n4oEqWiIHqWCJnIC6BgfvLt/Dc99mUVLVuDFo35Qo/nJ6Z07tGqeF6+JzQgKsXHdKGleelMp7P+/mxe93kldaw90fb+S5b7OYdmoalwxKJtCqHeLFv6lgiRwHh9PFJ2vzeGLxNvJKawDoFBfKHWd15aye7VSsxOcFB1i4ZmQnLh/agVkr9vDi9zvIK63hH59s4rlvs7jh1DQuG9xeI1rit1SwRI6By+Xi28z9PPplJhn7KoDGNVZ/OaMLlwxM1pVV4neCAyxMHdG4xvD9FXt44fsd7C2r5Z5PN/PG0l3cc14PRndta3RMkVangiVylFbvPsAjCzJYsatxH6uIICvTTk1n8rBUggM0HSL+LchmYfLwjvxhSHs+WJnD019vZ2dhFVPeWMnornH847wepMWFGR1TpNWoYIn8ju0FFTy6MJPFWwoACLSamTw8lRtGpRMZoj2sRH4tyGbh6mGpXDggiWe+3s6bS3fxbWYhP27/gcnDUrn59M5EBuvfjfg+FSyR31BV18ATi7fxxpJsnC4wm+DSQSn8+YzOJEQGGx1PxKNFBNn4+7k9mDikPQ/O38rXGft59ads5q7N4/Yzu3LZ4BQsuqm0+DAVLJEjWLh5HzPmbWZvWS0AZ/aI546zu5LeNtzgZCLepVNcGK9NHsx3mfv5v8+3sKOwirs/3sg7y3dz37genNRJ9zkU36SCJfIruQeqmTFvC19tbZwObB8dwj/H9+RULdIVOSGndm3L8PRY3l2+mycXb2Pr3nL+8PJyzu2dwN/O6UZKdIjREUXcSgVLBLA7nLyxJJsnF2+nxu7AZjFx3SmduPm0zgTZtIBdxB1sFjNThndkfL8knlicycyf9zB/414Wby1g2qg0bhydrm0dxGeoYInfW7PnAHfP3di87cKQ1GgevLAXneM1HSjSEqJDA3jggt5cPrQD//xsC8t2FvPU19tZuHkfj13Sl15JkUZHFDlhKljit8pq7Dz6ZQYzV+zB5YKoEBt3n9OdiwcmY9biW5EW1z0hgpnXDmX+xr3c9+lmMvZVMP65Jdxwaho3n9ZZo1ni1VSwxO+4XC7mrc/n/z7fSlFlHQAXD0zm7rHdiQ4NMDidiH8xmUyc1yeRkzvFcO+8zczfsJdnvsli8ZYC/n1xX3onazRLvJMKlviVoso67vxwA19n7AcgLS6UBy/srSuZRAwWExbIc5MGcG7vvdzzySYy9lVwwfNLmDYqjZtPT9e9DcXrqGCJ3/g2cz9/nbOeosp6Aixmbj4tnetGddIPbhEPMrZ3AkM7RnPfvM18vmEvz37bOJr12CUazRLvoglu8Xm1dgcz5m1myhsrKaqsp2t8OPNuHs7Np3dWuRLxQDFhgTw7aQAvXD6A2LAAMgsaR7MeW5hJXYPD6HgiR0UFS3xaxr5yxj+7hDeX7gJg8rBUPr1pON3aRRgbTER+1zm9E1h06yjG9U3E4XTx7LdZjHvmJzbklhodTeR3qWCJT3K5XLz+UzbnP7uEzIIKYsMCeGPKYGac31P7Wol4kejQAJ6Z2J8Xr2gczdpWUMmE55fy6o87cblcRscT+U1agyU+Z39FLX+ds4HvtxUCcFq3tjx6cR9iwwINTiYix+vsXgkM6RjDPZ9sYv7GvTwwfysrd5Xw6MV9dfNo8UgawRKf8vXWAs75z498v62QQKuZf47vyWtXD1K5EvEB0aEBPDupP/83vicBFjMLNxcw7pmf2JRXZnQ0kcOoYIlPqLU7uOeTTfzxrVUUV9XTrV04n908gqtOTsVk0qahIr7CZDJx5cmpfDjtZJLbBLOnpJoJLyxl5s97NGUoHkUFS7xeXmkNF72wlHeW7wbgjyM68ulNw+miW92I+Kw+yVHMv3kkZ3RvS32Dk7s/3sj02eupqmswOpoIoIIlXu7nncWc/8xPbM4vJyY0gLenDuGe83po+wURPxAZYuOVqwZx1zndsJhNfLw2j/HPLWF7QYXR0URUsMR7vbt8N5e/+jPFVfX0SIjg05uGc0qXOKNjiUgrMplM/GlUGrOuPYm24YFk7a/k/GeX8MnaPKOjiZ9TwRKvc3A64B+fbKLB6eK8Pgl8NG0YyW1CjI4mIgYZ0jGaL/48kuHpMdTYHfzlg3XcNXcjtXZtTCrGUMESr1JUWcflry5n5s97MJngjrO78szE/gQHaEpQxN/FhgXy9tSh3HJ6Z0wmmLViD5e9vJzCijqjo4kfUsESr7Epr4zzn/mJlbsOEB5o5fWrB3PDqem6SlBEmlnMJqaP6cJbU4YQFWJjfU4pFz6/hKz9WpclrUsFS7zCp+vyuPjFpeSX1dIpNpRPbhrO6G5tjY4lIh7qlC5xfHzDcDrEhJB7oIYJzy9l2Y5io2OJH1HBEo/mcLr414IM/vz+OmrtTkZ3jePjG4eTFhdmdDQR8XAdY0OZO20YAzu0oby2gate/5m5a3KNjiV+QgVLPFZ1fQPXvr2KF7/fAcC0U9N49erBui2GiBy1mLBA3rtmKOf2TsDucDF99nqe+mq7NiWVFqd7EYpHKq2uZ8qbK1m7p5Qgm5lHL+7L+X0TjY4lIl4oyGbhmYn9SY4O5qXvd/LkV9vYU1LNwxN6E2DVOIO0DH1niccpKK/lspeWs3ZPKZHBNmZee5LKlYicELPZxF3ndOfBC3thMZv4aE0uk99YQVmN3eho4qNUsMSj7Cqq4qIXlpJZUEF8RCBzrj+ZAe3bGB1LRHzE5UM78OrVgwgNsLB0RzEXv7CU3APVRscSH6SCJR5jS345F7+4jNwDNaTGhPDh9cN0P0ERcbvRXdsy+/qTiY8IZPv+Si54bikbckuNjiU+RgVLPMKK7BIue3kZRZV19EiIYM71w0iJ1s7sItIyeiZG8smNw+nWLpyiyjomvryclbtKjI4lPkQFSwz39dYCrnztZypqGxiSGs37fzqJuPBAo2OJiI9LiAxmzvUnMywthqp6B1e/voLlO7VXlriHCpYY6uO1uVz3zmrqGpyc3q0tb/9xCBFB2oZBRFpHeJCN1ycPZmTnWKrrHUx+YwVLs4qMjiU+QAVLDPPGkmxu/WA9DqeLC/sn8eKVAwmy6Z6CItK6gmwWXrlqEKO6xFFrdzLlzZX8uL3Q6Fji5VSwxBBPfbWd+z/bAsCU4ak8fklfbBZ9O4qIMYJsFl6+aiCndWtLXYOTP761iu8y9xsdS7yYXtGk1T3/XRZPfrUNgOljunDveT0wm3XDZhExVqDVwgtXDGBMj3jqG5xc9/ZqvskoMDqWeCkVLGlVby7J5tEvMwH42znduOX0zphMKlci4hkCrRaemzSAs3u2o97h5E/vrGbxFpUsOXYqWNJqZq/MYUbTtOAtp6Vz/ag0gxOJiBwuwGrmmUn9ObdP4/0Lp727mi837TM6lngZFSxpFfPW53Pn3A0A/HFER24d08XgRCIiv81mMfPUZf04v28iDU4XN85cw/wNe42OJV5EBUta3OItBUz/YB0uF0wa2p5/nNtd04Ii4vGsFjNPXtaPCf2TcDhd3PL+Wr7cpJIlR0cFS1rUT9uLuPG9NTQ0bcXwwPheKlci4jUsZhP/vqQvFw9MbipZ61iRrR3f5fepYEmLWbmrhGvfXkW9w8lZPeP598V9dLWgiHgdi9nEIxf14cymqwuveWsl2woqjI4lHk4FS1rEhtxSpr6xkhq7g1Fd4nh6Yn+s2udKRLyUxWzi6Yn9GdShDeW1DVz9+gryS2uMjiUeTK944naZ+yq46vUVVNQ1MLRjNC9eMZBAq3ZoFxHvFmSz8OrVg0hvG8beslomv7GCsmq70bHEQ6lgiVvlHqjmitd+prTaTr+UKF6bPJjgAJUrEfENUSEBvDV1CPERgWwrqOTad1ZRa3cYHUs8kAqWuE1lXQPXvLWKwoo6urUL560pQwgLtBodS0TErZKignlr6hDCA62syC7h1g/W4XC6jI4lHkYFS9zC4XTx51lrydhXQVx4IK9PHkxkiM3oWCIiLaJbuwhevmoQARYzCzbt45+fbcblUsmSX6hgiVv8a8FWvs7YT6DVzCtXDSIxKtjoSCIiLerktBieuKwvAG8t280L3+8wOJF4EhUsOWEfrNzDKz9mA/DYJX3plxJlbCARkVZyXp9E7jmvBwCPfpnJR6tzDU4knkIFS07Ish3F/P3jTQD85YzOjOubaHAiEZHW9ccRHbnulE4A3PnRBpZkFRmcSDyBCpYct11FVUx7bzUNThfj+iby59M7Gx1JRMQQfzu7G+P7Nd638KaZa8g9UG10JDGYCpYcl7IaO398ayWl1Xb6pkTx74v76BY4IuK3zE27vfdOiuRAtZ1p767R9g1+TgVLjlmDw8lNM9ewo7CKhMggXrlyIEE27XUlIv4tyGbhhSsG0CbExsa8Mu79dJOuLPRjKlhyzO7/bAs/bi8iJKBxV+O2EUFGRxIR8QjJbUJ4emJ/zCaYvSqXWStyjI4kBvGrgvXmm2/Sq1cvkpOTGTJkCEuWLDE6ktd5Z9ku3lm+G5MJ/nNZP3omRhodSUTEo4zsHMftZ3UFYMa8zazLKTU2kBjCbwrWu+++y913382HH35Ibm4ud955J+eeey7Z2dlGR/MaG/PK+OfnWwC446xunNmzncGJREQ807RRaZzVM556h5Np766mqLLO6EjSyvymYN1///3cfvvtdOvWDYCLLrqIU045hWeffdbgZN6htgH+MnsDdoeLs3rGc/2oTkZHEhHxWCaTiccu6UunuFD2ltVy08w1NDicRseSVuQXBSsnJ4esrCzOO++8Q46PGzeOBQsWGJTKe7hcLj7YaWZPSQ1JUcE8elFfXTEoIvI7woNsvHTFQEIDLCzfWcJji7cbHUlakV/ciTcvLw+AxMRDN8FMTExs/th/q6uro67ulyHd8vJyAOx2O3a7vYWSeqYPVuawptiMxWTiiUt6E2LD786Bux08fzqP7qHz6X46p+6RGh3Ewxf25JYPNvDakt1M7mJijB+eU3/8PvKLgmWzNd502Gw+dMDOZDL95iW0Dz/8MPfff/9hxxctWkRISIj7Q3qofdXw2EYLYOKclAb2bVrKF5uMTuU7Fi9ebHQEn6Lz6X46p+5xeqKZr/PNzMwy0+7TxST4z8sIANXV/rfxqsnlB5t0FBQU0K5dO7Zv3056enrz8VdffZXHH3+crVu3HvaYI41gpaSkUFRURERERKvkNlqt3cFFL/7Mtv2VdI108tEtpxEYEGB0LJ9gt9tZvHgxY8aMaf4PgBw/nU/30zl1rwaHk8lvruLnXaWkx4XyybSTCPSj/QPLy8uJjY2lrKzMb15D/WIEKz4+nr59+/LFF19wyy23NB9fuHAhZ5999hEfExgYSGBg4GHHbTab3/ywmfF5Btv2VxIbFsAV6dUEBgT4zXNvLf70/dQadD7dT+fUPWw2eOoP/Rjz+LdkFVbx9HfZ3D22u9GxWo0/fg/5xSJ3gDvvvJNHH32Ubdu2AfDJJ5+waNEibrrpJoOTeab5G/by3s97MJng3xf1JkIDVyIiJyQmNIA/dGq8kvCVH3eyfGexwYmkJfnFCBbAxIkTKS8v57zzzqOyspKkpCQ+//xz0tLSjI7mcXJKqvnb3A1A414uI9Jj+GKbwaFERHxAr2gXlwxMYs7qPG6fs54Ffx5JeJD/je74A78ZwQL405/+xLZt28jPz2flypWMHDnS6Egex+5wcvOstVTUNjCgfRS3julidCQREZ9y19ldSW4TTO6BGh74/PA1wOIb/Kpgye97YvE21uWUEhFk5emJ/bFZ9C0iIuJO4UFWHr+kLyYTfLAqh6+2FBgdSVqAXj2l2aa8Ml76fgcAj1zUh+Q2fnYdsYhIKxnaKYZrRzbeEeNvczdQrFvp+BwVLAEapwbv+HADThec1yeBc3onGB1JRMSnTR/ThS7xYRRV1nP3xxt/c19G8U4qWAI0XtGyZW85USE2Zpzf0+g4IiI+L8hm4YlL+2GzmFi4uYCP1x75ziLinVSwhOyiKv7zVeM9sv5xbg9iww7f/0tERNyvV1Ikfzmj8WKi+z7dTH5pjcGJxF1UsPyc0+nibx9toL7BycjOsVw0IMnoSCIifuVPp3Sif/soKuoa+OuH63E6NVXoC1Sw/NwHq3L4ObuEYJuFhy7sjclkMjqSiIhfsVrMPHFpP4JtFpZkFfP+yhyjI4kbqGD5sYLyWh76onEPltvO7EJKtK4aFBExQsfYUG4/qysAjy7M4EBVvcGJ5ESpYPmxez/dREVtA32TI5kyvKPRcURE/NrVJ3egW7twSqvt/HtRptFx5ASpYPmpBRv3snBzAVaziX9d1AeLWVODIiJGslrM3N90FfesFXvYkFtqbCA5ISpYfqis2s698zYDMO3UNLonRBicSEREoHED0gv6JeJywT2fbtaCdy+mguWHHvpiK4UVdXSKC+XG0elGxxERkV+5e2x3wgKtrM8pZfYqLXj3VipYfmZDbikfNP2DfeSiPgTZLAYnEhGRX2sbEcRfzugMwCNfZlBarQXv3kgFy4+4XC4emN941eCE/kkMTo02OJGIiBzJ1cNS6RIfxoFqO/9eqAXv3kgFy48s3lLAiuwSAq3m5suBRUTE89gsZv45vhcAM1fsYWNumcGJ5FipYPkJu8PJvxZkAHDNyI4kRgUbnEhERP6XkzrFcH7fgwveN2nBu5dRwfITM3/ew86iKmLDArh+VJrRcURE5Cj8/dzuhAZYWJdTyoerc42OI8dABcsPlNXY+c9X2wD4yxldCA+yGZxIRESORnxEUPPNoP/1ZQZl1XaDE8nRUsHyA89/l8WBajvpbcP4w+AUo+OIiMgxmDw8lfS2YZRU1fPKjzuNjiNHSQXLx+WUVPPGkl0A3D22G1aL/spFRLyJzWLm9jMbL0x6fUk2xZV1BieSo6FXWx/374WZ1Dc4GZYWw+iubY2OIyIix+GsnvH0Soqgut7Bi9/vMDqOHAUVLB+2LqeUeevzMZkadwY2mXS/QRERb2QymbitaRTr7WW72V9ea3Ai+T0qWD7K5XLx4PwtAEzon0yvpEiDE4mIyIk4tUscAzu0oa7ByXPfZhkdR36HCpaPWrSlgJW7DhBkM3P7WV2MjiMiIieocRSr8ef5zBV7yD1QbXAi+V9UsHyQy+Xi6a+3A/DHER1JiNSmoiIivmBYWizD0mKwO1w8+41GsTyZCpYP+n5bIZvzywkJsHDNiE5GxxERETc6OIo1Z3Uuu4qqDE4jv0UFywc9/13jFSaThrSnTWiAwWlERMSdBnaIZnTXOBxOF081zVaI51HB8jErd5WwIrsEm8XENSM1eiUi4oumj2m8ovCTdXlsL6gwOI0ciQqWj3m+6cqSiwcm0y4yyOA0IiLSEnonR3J2z3a4XPBk063QxLOoYPmQzfllfJtZiNkEfzpFN3QWEfFlt47pgskEX2zcx+b8MqPjyH9RwfIhB9dendcnkdTYUIPTiIhIS+raLpzz+iQC8OqP2Qankf+mguUjdhZW8sXGvQBMO1WjVyIi/uDakR0B+HxDPgXa3d2jqGD5iJe+34nLBad3a0v3hAij44iISCvokxzFoA5tsDtcvLt8t9Fx5FdUsHxAfmkNc9fmAnDD6HSD04iISGuaOqJxFOu9n/dQa3cYnEYOUsHyAa/8uBO7w8VJnaIZ2KGN0XFERKQVndkjnqSoYEqq6vl0XZ7RcaSJCpaXK6mqZ9aKPQDcqNErERG/Y7WYuXpYBwBe/2kXLpfL4EQCKlheb/aqHGrtTnolRTAiPdboOCIiYoDLBrUnJMBCZkEFS3cUGx1HUMHyak6nq3n06qqTUjGZTAYnEhERI0SG2Lh4YDIAr/+kLRs8gQqWF1u2s5jdxdWEB1o5r2+C0XFERMRAk4elAvB1xn6ydRNow6lgebGZPzeOXl3QP4mQAKvBaURExEid4sI4rVtbAN5colEso6lgeanCijoWbt4HwMQh7Q1OIyIinmDq8MYtG+aszqWsxm5wGv+mguWlPlydS4PTRb+UKHokamNRERGB4ekxdIkPo7rewQcr9xgdx6+pYHmhXy9unzRUo1ciItLIZDI1j2LN/HmPtmwwkAqWF1q6o5g9JU2L2/tocbuIiPxiXN9Egm0WdhVXszan1Og4fksFywvNXNF4v6kLB2hxu4iIHCo00MpZPeMB+HiNdnY3igqWlymsqGPR5gJAi9tFROTIJgxo3BPrsw351Dc4DU7jn1SwvMyc1Tk0OF30bx9F9wQtbhcRkcMNT4+lbXggpdV2vs3cb3Qcv6SC5UWcThfvr8gBYJJGr0RE5DdYzCbG90sENE1oFBUsL/Jzdknj4vYgK+f1STQ6joiIeLAL+zdOE36TsZ+yau2J1dpUsLzIFxv3AjC2VwLBARaD04iIiCfrkRhBt3bh1DucfL4x3+g4fkcFy0s4nC4WbGrcuX2stmYQEZGjMGFAEqBpQiOoYHmJVbtKKKqsIzLYxrC0GKPjiIiIFxjfLwmzCVbtPsCe4mqj4/gVFSwvcXD0akyPeGwW/bWJiMjvi48IYnh6LAAfr9UoVmvSK7UXcDpdLNjUtP6qdzuD04iIiDe5sH/jNOHctbm6dU4rUsHyAmtzDlBQXkd4oLX5fyIiIiJH46ye7Qi2WditW+e0KhUsL/DFxsbpwTN6xBNo1dWDIiJy9EIDrYzp0XjrnIN3ApGWp4Ll4VwuFwuatmc4p5emB0VE5Nid3r0tAN9maFf31qKC5eHW55aRX1ZLaICFU7rEGR1HRES80KgucZhNkFlQQV5pjdFx/IIKloc7OHp1Wvd4gmyaHhQRkWMXFRLAwA5tgMad3aXlqWB5MJfLxRcHrx7U9KCIiJyA0d00TdiaVLA82Ob8cnJKagi2WTi1a1uj44iIiBc7ralgLckqoqbeYXAa36eC5cEWb2m82uPUrnG696CIiJyQrvHhJEYGUdfgZNnOIqPj+DwVLA+2dEfjPwAtbhcRkRNlMpmapwm1DqvlqWB5qOr6BtbuKQVgeJo2FxURkRN3WvM6rELt6t7CVLA81IrsEhqcLpKigkmJDjY6joiI+IBhabEEWs3kldaQWVBhdByfpoLloZbtKAZgeHoMJpPJ4DQiIuILggMsDEuLATRN2NJUsDzUkqb1V8M0PSgiIm50mrZraBUqWB6otLqezfnlAJzc9D8NERERdzi40H317gOUVdsNTuO7VLA80PKdxbhckN42jPiIIKPjiIiID0luE0LH2FCcLliz54DRcXyWCpYHWtq0/mqYRq9ERKQFHLxtzurdKlgtRQXLA/1SsLT+SkRE3G9AexWslqaC5WEKymvJ2l+JyQQndYo2Oo6IiPiggyNY63JKaXA4DU7jm1SwPMzB7Rl6JkYQFRJgcBoREfFFnduGER5opcbuIGOf9sNqCSpYHmZJVuP2DNq9XUREWorZbKJ/0yiWFrq3DL8pWJs3b2bs2LEkJyfTvn17Jk+eTElJidGxDrNyV2Omk7TAXUREWtBArcNqUX5RsIqLiznttNM455xzyMnJITMzk9raWiZOnGh0tENU1NrZVVwNQN/kKGPDiIiIT9OVhC3LLwrWmjVrGD16NDfffDMmk4ng4GD+/ve/s2jRIsrKyoyO12xL0+aiCZFBRIdq/ZWIiLScvimRmEyQe6CG/eW1RsfxOX5RsMaMGcP7779/yLGNGzcSGBhIYGCgQakOd3D39p6JkQYnERERXxceZKNrfDigdVgtwWp0ACMsXLiQadOmcddddxEUdOSd0uvq6qirq2t+v7y8sfzY7Xbs9pa5tcDGvFIAurcLbbGvcTwOZvGkTN5O59S9dD7dT+fU/TzxnPZPiSRjXwUrs4s5vWvLXVzlSc+5tZhcLpfL6BAnorCwkP79+//mx6dPn8706dMBcDgc3HPPPTz11FM8/PDD3HLLLb/5uBkzZnD//fcfdnzmzJmEhIScePAj+Nd6C3urTVzT1UHvaK/+axERES+wstDEu1kWUsNc3Nrb0WJfp7q6mkmTJlFWVkZERESLfR1P4vUF62jV1tYyYcIEioqKeOedd+jatev//PwjjWClpKRQVFTUIt8cdXYHfR/4BofTxQ+3n0JCpOfcg9But7N48WLGjBmDzWYzOo5P0Dl1L51P99M5dT9PPKe7S6o548mfsFlMrP3H6QRaW2blUHl5ObGxsX5VsPxmivDKK68kNDSUTz75hICA319A/lvrs2w2W4v8w9haUIXD6aJNiI2UmDBMJpPbv8aJaqnn7s90Tt1L59P9dE7dz5POaVrbCCKCrJTXNpBTWkf3hJYpP57yfFuTXyxynz17Nps2beLdd989qnJlhE15vyxw98RyJSIivsdkMpHeNgyArP2VBqfxLX5RsBYsWEBubi5paWkkJycf8mvOnDlGxwNgc37jdhE9k/xj6FRERDyDClbL8IspwjfeeIM33njD6Bj/k7ZoEBERIzQXrEIVLHfyixEsT9fgcLJ1b2PB6pWoESwREWk9BwvWDo1guZUKlgfYWVRFXYOT0AALqTGhRscRERE/kh7XuNnozqLGi63EPVSwPMDB0atuCRGYzVrgLiIirSepTTCBVjP1DU5ySqqNjuMzVLA8wJ6mGzx3jNXolYiItC6L2USnuKZpQq3DchsVLA+Qe6AGgJQ2LbNDvIiIyP+iKwndTwXLA+QcaBzBSokONjiJiIj4o/Q4FSx3U8HyAAcLVrJGsERExADaqsH9VLAM1uBwsre0FtAIloiIGOPXU4R+coviFqeCZbB95bU0OF3YLCbiwz3nBs8iIuI/UmNDMJugoraBwoo6o+P4BBUsg+WUNC5wT4oK1hYNIiJiiECrhaQ2jbMou7VVg1uoYBnslwXuWn8lIiLGOTiLohEs91DBMtjBLRq0wF1ERIwUFx4IqGC5iwqWwXJLtEWDiIgYr21TwdpfUWtwEt+ggmUwbdEgIiKeQCNY7qWCZbBfdnHXCJaIiBinbdMarP0qWG6hgmWg+gYn+8oP7oGlESwRETGORrDcSwXLQKXV9bhcYDZBdEiA0XFERMSPqWC5lwqWgcpr7QBEBNu0B5aIiBjq4CL3oso6HE7t5n6iVLAMVFbTVLCCbAYnERERfxcTFojZBE4XlFTVGx3H66lgGai8pgGAiGCrwUlERMTfWcwmokO1VYO7qGAZqHmKUCNYIiLiAdpqHZbbqGAZqLxpijAyWAVLRESMF9e82agK1olSwTKQ1mCJiIgniQ37ZaG7nBgVLAOV12oNloiIeI7QQAsAtfUOg5N4PxUsA5VrBEtERDxIoLWxFtQ1OA1O4v1UsAz0632wREREjBZkaxzBUsE6cSpYBirTIncREfEgv4xgaYrwRKlgGUj7YImIiCcJtDaNYNk1gnWiVLAMpH2wRETEkwTatAbLXVSwDFRV1zgEGxKgESwRETGepgjdRwXLA5h0n2cREfEAB6cIazVFeMJUsETEuzkc8NNPjb//6afG90XkuGgEy31UsETEe82dC6mpcO65je+fe27j+3PnGplKxGtpDZb7GFqwpk+fTmZmppERRMRbzZ0LF18MubmHHs/LazyukiVyzHQVofsYWrCysrLo27cvp5xyCu+99x51dbr3kYgcBYcD/vxncLkO/9jBY3/5i6YLRY6RzdJYCyrrGgxO4v0MLVjz5s0jPz+fiRMn8sILL5CcnMytt97K1q1bjYwlIp7uxx8PH7n6NZcLcnIaP09EjlpeaXXT2xqDk3g/w9dgRUdHM23aNH766Sc+/fRT5s+fT69evRgxYgSzZ882Op6IeKK9e937eSIibmZ4waqpqeHdd9/ljDPOYOzYsYwZM4Y1a9Zw4403MmPGDG6//XajI4qIp0lIcO/niQgASVEhTW+DDU7i/Qzd4XLq1Kl89NFHJCQkMG3aNObOnUtERAQAffv2pX///gwZMoTHHnvMyJgi4mlGjoTk5MYF7Udah2UyNX585MjWzybixeyOxsXtYYHaAPtEGXoGCwoK+OCDDzj77LOP+PGuXbuSkZHRyqlExONZLPDUU41XC/73Tr0H3//Pfxo/T0SO2sH9rw5u1yDHz9AzOH/+/N8sVwAmk4nExMRWTCQiXmPCBPjwQ0hKOvR4cnLj8QkTjMkl4sUObs9wcMNROX4aAxQR7zVhAowfDz/8AOXlMH8+nHKKRq5EjtPBDUYP7oclx08V1QMcaQmJiBwliwVGjGj8/YgRKlciJ+DgFGGQpghPmM6ggUIDG18Iquu1oZuIiBhPI1juo4JloIggGwDltXaDk4iIiGgNljvpDBooIrhxCVx5jUawRETEeLqK0H10Bg0UGdw4glVWoxEsERExnqYI3UcFy0DNU4QqWCIi4gFq7U0jWJoiPGE6gwaKCNYaLBER8Ry/jGCpHpwonUEDRQRpDZaIiHiOqrqmbRoCNEV4olSwDBSpESwREfEgRZV1AMSGBRqcxPupYBkoQovcRUTEgxRWNBastuEqWCdKBctA2gdLREQ8yf6mghWngnXCVLAMpH2wRETEUzicLkqqDo5gBRmcxvupYBlIa7BERMRTFFfW4XSB2QTRoQFGx/F6KlgG+vU+WE6n7vgsIiLGOTg9GBsWiMVsMjiN91PBMlBUSAAmEzhdUFJdb3QcERHxY4Vaf+VWKlgGCrCaaRfROM+dU1JtcBoREfFnKljupYJlsOQ2wQDkHKgxOImIiPiz/RW1gLZocBcVLIOltAkBIPeARrBERMQ4GsFyLxUsgyVHNxasnBKNYImIiHH2V2iLBndSwTLYwSlCjWCJiIiRNILlXipYBjs4RahF7iIiYqSCpjVYKljuoYJlsJToxhGsvNIa7YUlIiKGqLU7yGu62KpD09IVOTEqWAZrFxGE1WzC7nA1/+9BRESkNe0ursbpgvAgq0aw3EQFy2BWi5mEqIN7YWmhu4iItL6s/ZUApLcNw2TSLu7uoILlAbRVg4iIGKm5YMWFGZzEd6hgeYBfFrprBEtERFpfVuEvI1jiHipYHuCX3dw1giUiIq3v11OE4h4qWB6gfUzjCFZ2UZXBSURExN84nC52No1gpWmK0G1UsDxA94QIADL2lmurBhERaVV5B2qoa3ASYDWToi0a3EYFywN0ig0l0Gqmqt7BrmKNYomISOvJKqwAGl+LLGZdQeguKlgewGoxN49ibcovNziNiIj4k4Prr9K0/sqt/LJgXXrppR63z0fPxMaCtTm/zOAkIiLiT7RFQ8vwu4L11ltvkZGRYXSMw/RMjARgc55GsEREpPXoCsKW4VcFKzs7mzvuuIOnnnrK6CiH6ZX0ywiWy6WF7iIi0vJcLpcKVgvxm4LlcDi44ooruP322+nYsaPRcQ7TJT4ci9nEgWo7e8t0T0IREWl5e0qqKa9tIMBiplNcqNFxfIrV6ACt5aGHHsJqtXLbbbexZ8+e3/38uro66urqmt8vL2+curPb7djtdrfnswDpcaFkFlSyfk8JcaFt3f41jtfB59sSz9tf6Zy6l86n++mcup8nntMVO4sA6JkYjtnlxG53tsjX8aTn3FpMLi+fjyosLKR///6/+fHp06czYsQIzjnnHFavXk1qaiq7du2iY8eO/3MqbsaMGdx///2HHZ85cyYhIS2zT8h7WWZWFJo5O9nJOSkt800uIiJy0OydZpYUmBmd4OSC1JZ73amurmbSpEmUlZURERHRYl/Hk3h9wfo91dXV9O3bl7///e9MnjwZ4KgK1pFGsFJSUigqKmqxb443l+3mwS8yOb1bHC9e/tulsbXZ7XYWL17MmDFjsNlsRsfxCTqn7qXz6X46p+7nied03LNLySio5Nk/9OWsnvEt9nXKy8uJjY31q4Ll81OE27ZtIysriylTpjBlypRDPmYymbj88st59913D3tcYGAggYGBhx232Wwt9g+jT3IbALbsrfCYf3y/1pLP3V/pnLqXzqf76Zy6n6ec04paO5lNC9yHdIpt0Uye8Hxbm88XrH79+h02UnU0I1hG6NG0F9beslpKquqJDg0wOJGIiPiq9TlluFyQ3CaYthFBRsfxOX5zFaE3CA+ykdp04+f1uaXGhhEREZ+2evcBAAZ2aGNwEt/klwUrNTXV40avDhqcGg3A8h3FBicRERFftnqPClZL8suC5cmGp8cCsGRHkcFJRETEVzmdLtY2jWANaK+C1RJUsDzMyWkxAGzOL6e0ut7gNCIi4ou276+koq6BkAAL3dqFGx3HJ6lgeZj4iCDS24bhcsHynSVGxxERER90cP1V3+QorBZVgZags+qBhjWNYi3VNKGIiLSANVp/1eJUsDzQLwVLC91FRMT9dAVhy1PB8kAndYrBZIKs/ZUUlOvGzyIi4j65B6rJLqrCbNIC95akguWBokIC6Nm06egyjWKJiIgbfZuxH2gcvYoM8b8d1luLCpaHGp7WuF2D1mGJiIg7fdNUsEZ3a2twEt+mguWhDm7XsCSr2GM3RRUREe9SU+9oXt97mgpWi1LB8lBDOkZjNZvIK60hp6TG6DgiIuIDlu4ooq7BSVJUMF3jtf9VS1LB8lAhAVb6t48CtKu7iIi4xy/Tg3GYTCaD0/g2FSwPNqxpHdYP2woNTiIiIt7O5XI1L3DX9GDLU8HyYGN6xAPwXWYh1fUNBqcRERFvlllQQX5ZLYFWMyd3ijU6js9TwfJgPRMjSIkOpsbu4PtMjWKJiMjxOzg9ODw9luAAi8FpfJ8KlgczmUyM7ZUAwBeb9hmcRkREvNm32p6hValgebhzejcWrG+2FlBrdxicRkREvNGBqvrm2+No/VXrUMHycH2TI0mMDKKq3qHF7iIiclx+2F6I0wVd48NJigo2Oo5fUMHycCaTqXkUa4GmCUVE5Dh8vVXTg61NBcsLjO3dDoCvthRQ16BpQhEROXpVdQ0s3lIAwJk94w1O4z9UsLxA/5Q2xEcEUlHXwJIsbToqIiJHb+HmfdTYHaTGhNA/JcroOH5DBcsLmM0mzjl4NeFGTROKiMjR+3htHgAX9k/W7u2tSAXLS5zTq3GacNHmfdQ3OA1OIyIi3qCgvLZ55uPC/kkGp/EvKlheYlBqNLFhgZTXNrBsZ7HRcURExAt8ui4PpwsGdWhD+5gQo+P4FRUsL2Exm5pHsb7YsNfgNCIi4g3mrmmaHhyg0avWpoLlRcb2Prir+15q6nU1oYiI/LYt+eVk7KsgwGLmvN6JRsfxOypYXmRox2jaR4dQUdvA5xvyjY4jIiIe7OO1uUDjzu2RITaD0/gfFSwvYjab+MOQFABmrthjcBoREfFUDqeLT9c1/kdc04PGUMHyMpcMTMFqNrF2Tylb95YbHUdERDzQkqwi9lfUERViY3RX7d5uBBUsLxMXHti8E+8sjWKJiMgRzF3TOD04rk8iAVa91BtBZ90LTRrSAYCP1+RRXd9gcBoREfEkVXUNLNzceGscTQ8aRwXLCw1Li2lc7F7XwOfaskFERH7ls/X5ujWOB1DB8kJms4mJQ9oDMPNnTROKiEgjl8vF60uyAZg0tL1ujWMgFSwvdcmgZGwWE+tyStmSr8XuIiICS7KK2VZQSUiAhcsGtzc6jl9TwfJSsWGBnNmjcWd3LXYXERGgefTqkoHJRAZr7ysjqWB5sUlDG/938slaLXYXEfF3Owsr+SZjPwCTh3c0OI2oYHmxkzvF0CGmabH7ei12FxHxZ28u3QXA6d3a0jE21NgwooLlzX692P3t5btwuVwGJxIRESOUVduZs6px76upIzR65QlUsLzcpYNSCLKZ2ZRXzk9ZRUbHERERA3ywag81dgdd48MZlhZjdBxBBcvrRYcGNI9iPfdtlsFpRESktTU4nLy1dDcAU0ekamsGD6GC5QOuHdkJm8XE8p0lrN5dYnQcERFpRYu2FJBXWkN0aADj+2nndk+hguUDEqOCmdA/GYDnv91hcBoREWlNr//UuDXD5UPbE2SzGJxGDlLB8hHXn5qG2QRfZ+xn615tPCoi4g/W55SyavcBbBYTV5zUweg48isqWD6iY2wo5/ROAOCF7zSKJSLiD15tGr06r08i8RFBBqeRX1PB8iE3nJoGwOcb8tlVVGVwGhERaUmZ+yr4fEM+ANeM1NYMnkYFy4f0TIxkdNc4nC546QeNYomI+LInF2/D5YKxvdvRMzHS6DjyX1SwfMyNo9MB+HB1LvvKag1OIyIiLWFjbhlfbt6HyQS3ntHF6DhyBCpYPmZQajRDOkZjd7h49cedRscREZEW8MTiTAAu6JdE5/hwg9PIkahg+aCDa7He+3kPB6rqDU4jIiLutHp3Cd9mFmIxm/jz6Z2NjiO/QQXLB43qEkfPxAhq7A5e/UmjWCIivuTxRdsAuGRgMqm6qbPHUsHyQSaTiVua/lfz2k/Z7C2rMTiRiIi4w9KsIpbuKCbAYuZmjV55NBUsH3Vmj3iGpEZTa3fy2MJtRscREZET5HK5eHxx48/ziUNSSIoKNjiR/C8qWD7KZDJx97ndAZi7NpdNeWUGJxIRkRPx3bZCVu8+QKDV3HzFuHguFSwf1i8livP7JuJywYPzt+JyuYyOJCIix8HlcvH4osYrB686uQNttWu7x1PB8nF/PasrAVYzy3YW823mfqPjiIjIcVi4uYBNeeWEBFi4flSa0XHkKKhg+biU6BCmDE8F4KEvMmhwOI0NJCIix8TucPJY0+jV1OEdiQkLNDiRHA0VLD9ww6nptAmxkbW/kvdX5hgdR0REjsGbS3aRtb+S6NAArh3Zyeg4cpRUsPxAZLCNvzTdSuHJxduoqLUbnEhERI5GQXkt//mq8crBv53djcgQm8GJ5GipYPmJSUPb0yk2lOKqel78XjeCFhHxBg/O30pVvYN+KVFcPDDZ6DhyDFSw/ITNYuZv53QD4NUfs8kv1eajIiKebNmOYuatz8dkgv8b3wuz2WR0JDkGKlh+ZEyPeIZ0jKauwcljCzONjiMiIr/B7nBy37xNAEwa0p7eyZEGJ5JjpYLlR0wmE/9o3nw0j5W7SgxOJCIiR/LW0l1sK6ikTYiNv57V1eg4chxUsPxMn+QoLhuUAsCdH22g1u4wOJGIiPza/vJa/vPVdgDuPLsbUSEBBieS46GC5YfuHtuduPBAdhZW8dy3WUbHERGRX3noi61U1jXQNyWKS5v+QyzeRwXLD0WG2Pjn+T0BeOG7HWzdW25wIhERAfh5ZzGfrDu4sL2nFrZ7MRUsP3VO7wTO6hlPg9PF3z7agMOp+xSKiBipweHkvnmbAZg4pD19kqOMDSQnRAXLj/1zfC/Cg6yszy3jjSXZRscREfFrby3bTca+CqJCbPz1TC1s93YqWH4sPiKIu8c2XlX4+KJt5JRUG5xIRMQ/ZRdV8e+FGQDccVY32oRqYbu3U8Hyc5cNSmFox2hq7A7u/ngjLpemCkVEWlODw8n02euotTsZnh7DHwZrYbsvUMHyc2aziX9d1IcAq5kftxfx0Zo8oyOJiPiVl37Yydo9pYQHWfn3xX21sN1HqGAJHWND+csZnQH4v8+3UFhRZ3AiERH/sCmvjCcXN97M+f7ze5IYFWxwInEXFSwB4NqRneiREEFZjZ37P9tsdBwREZ9Xa3cwffY6Gpwuzu7Zjgv7JxkdSdxIBUuAxptBP3pxHyxmE59v2MuCjXuNjiQi4tOeWLyNbQWVxIYF8uCFvTCZNDXoS1SwpFmvpEiuO6UT0HgbndwDuqpQRKQl/LyzmFd+3AnAvyb0JiYs0OBE4m4qWHKI6WO60C8livLaBm6ZtRa7w2l0JBERn1JR28Btc9bjcjVeyX1Gj3ijI0kL8JuC5XA4mDFjBp06dSIxMZEBAwYwf/58o2N5HJvFzDMT+xMeZGXNntLmxZciIuIeD3+ZSe6BGpLbBPOP87obHUdaiN8UrFtvvZWVK1eyZs0a8vPzuffee5k+fTpVVVVGR/M4KdEhPHJRHwBe+H4HP2UVG5xIRMQ3bCoxMWd1HiYTPH5JX8KDbEZHkhbiFwVrx44dvPTSS7z22mtERUUBcMEFF7BlyxZCQ0ONDeehxvZO4PKh7XG54PYPN1Jeb3QiERHvVlxVz/s7G192rx3ZiaGdYgxOJC3JLwrW559/Tr9+/WjXrt0hxy0Wi0GJvMM95/WgW7twiqvqeTfLjFM3hBYROS4NDie3zt5Ahd1E57ahTB/TxehI0sKsRgdoDdu3byc1NZXXXnuNZ555hrKyMgYPHsyjjz5KamrqER9TV1dHXd0vG26Wl5cDYLfbsdvtrRHbcBbgyUt6M+HF5WSWwYvf7+CG0elGx/IJB7+H/OV7qaXpfLqfzql7PbpwG8t2lhBgdvH4RT2x4MRu95+LiPzx+8jrC1ZhYSH9+/f/zY9Pnz4dh8PBN998Q7du3Vi2bBkul4u77rqLUaNGsXnzZsLCwg573MMPP8z9999/2PFFixYREhLi1ufg6S5ob2LWDgtPfbMD1/5tdAw3OpHvWLx4sdERfIrOp/vpnJ64dcUm3tjWOGMyKd1J9rqlZK8zNlNrq672v21/TC4/uLvvww8/zOzZs1m7dm3zMYfDQWRkJB988AHnnnvuYY850ghWSkoKRUVFREREtEpuT1FfX8+Vz3/DmmIziZFBzLvxZCKDtTDzRNjtdhYvXsyYMWOw2XQuT5TOp/vpnLrH9v2VXPLSz1TVO5hycgr9yPbLc1peXk5sbCxlZWV+8xrq9SNYR2PkyJG8++67hxxzuVyYzWYCA4+8uVtgYOARP2az2fzuHwbAZZ2cFLlC2VNSw98/3cKLVwzUrsNu4K/fTy1F59P9dE6PX0WtnZtmraeq3sHJnWK446yuLFqY7Zfn1N+eL/jJIvcRI0aQkJDAXXfdRX19PfX19dxxxx0kJCQwYsQIo+N5hSAr/OfSPtgsJhZuLuDF73caHUlExGO5XC5un7OenUVVJEQG8cyk/lgtfvGSK0385m979uzZ7N27l/bt25Oamkp2djaLFi0iKCjI6Gheo3dSJPee1wOARxdmsHDzPoMTiYh4phe+38HCzQUEWMy8cMVAYnUrHL/jF1OEANHR0bz55ptGx/B6V56cyraCSt5Zvpu/vL+OD6edTM/ESKNjiYh4jB+3F/LYwkwAZpzfk34pUcYGEkP4zQiWuM9943owsnMsNXYH17y1iv3ltUZHEhHxCLkHqrll1lqcTfcZnDgkxehIYhAVLDlmVouZZycNIC0ulL1ltVz7zmpq7Q6jY4mIGKrW7uD6d1dzoNpOn+RI7h/fUxcD+TEVLDkukcE2Xrt6MFEhNtbnlHL7nPX4wY4fIiJH5HS6uPOjDWzKK6dNiI3nLx9AkE13C/FnKlhy3FJjQ3nh8oFYzSY+37CXp77ebnQkERFD/OvLDD5dl4/VbOLZSQNIbuNfG1LL4VSw5IScnBbDgxf2AuA/X23ns/X5BicSEWldr/2Uzcs/NG5d88hFfRieHmtwIvEEKlhywi4b3J5rR3YE4PY561mXU2psIBGRVvLZ+nz+7/MtANxxdlcuGphscCLxFCpY4hZ/O6c7p3drS12Dk2veWkV+aY3RkUREWtTSHUXcNns9AFef3IFpo9IMTiSeRAVL3MJiNvHUxP50axdOUWUdU99cSWl1vdGxRERaxNa95fzp7dXUO5yM7d2Oe8fpikE5lAqWuE1YoJVXrx5EXHggGfsquPqNlVTWNRgdS0TErfJKa5j8xgoq6hoY0jGaJy7th8WsciWHUsESt0puE8K7fxzavH3D1DdXUlOvPbJExDeUVtdz9esrKCivo0t8GK9cOUjbMcgRqWCJ23VtF847U4cSHmhlRXYJ17+7mroGlSwR8W61dgd/fGsVWfsrSYgM4q2pQ4gMsRkdSzyUCpa0iN7Jkbw+ZTDBNgvfbyvklllraXA4jY4lInJcHE4Xt8xay+rdB4gIsvLW1CEkRAYbHUs8mAqWtJjBqdG8ctUgAixmFm4u4PY563E6tdu7iHgXR9Mu7Yu2FBBgNfPq1YPpEh9udCzxcCpY0qJGdI7l+csHYDWb+GRdPn//ZJNuqSMiXsPhdHH7nPV8uDoXi9nE03/ox5CO0UbHEi+ggiUt7owe8Tx5WT9MJpi1Yg8PzN+qkiUiHq/B4eTWD9bx8do8rGYTz0zsz9m9EoyOJV5CBUtaxbi+iTwyoQ/QeFuJJxdvMziRiMhvszuc/Pn9dcxb/8v9Bcf2VrmSo6eCJa3m0sEp3H9+TwCe/iaLF77bYXAiEZHD1Tc4uXnmWuZv3IvNYuKFKwZydq92RscSL6OCJa3q6mGp3Hl2NwAe+TKDp77arulCEfEYdQ0ObnhvDV9u3keAxcxLVw5kTI94o2OJF1LBklY37dQ0bj2jCwBPfrWN+z/boqsLRcRwtXYH095dw1dbG68WfOXqQZzWTeVKjo8Klhjiz2d05r5xPQB4c+kubpuzHrv2yRIRg9TaHfzpndV8k7GfQKuZ168ezKgucUbHEi+mgiWGmTK8I/+5rPEeXh+vzeP6d1ZTa9eO7yLSumrtDq59exXfbysk2GbhjcmDGdE51uhY4uVUsMRQF/RP4pWrBhJoNfN1xn6uem0FZTV2o2OJiJ+oqLUz9c2V/Li9iJAAC29MGcywdJUrOXEqWGK407rF884fhxIeZGXFrhL+8PJyCivqjI4lIj5ub1kNl7y4jKU7igkNsPDW1CGc1CnG6FjiI1SwxCMM6RjNB9edTGxYIFv3lnPJi0vJKak2OpaI+KjN+WVc8NwSMvZVEBsWyKzrTmJwqnZoF/dRwRKP0SMxgg+vP5nkNsHsKq7m4heXkrmvwuhYIuJjvs3cz6UvLqOgvI4u8WF8cuMw+iRHGR1LfIwKlniU1NhQPpo2jK7x4RSU13HpS8tYvfuA0bFExEe8u3w317y1iqp6B8PSYphz/TCS24QYHUt8kAqWeJz4iCA++NNJDGgfRVmNnctfXc689flGxxIRL+Z0unj4i63845NNOJwuLh6YzJtThhAZbDM6mvgoFSzxSFEhAbx7zVBO69aWWruTW2at5V8LMnBoQ1IROUa1dgc3z1rLSz/sBGD6mC78++I+BFj1EigtR99d4rFCAqy8ctUgpp2aBsCL3+/gj2+t1DYOInLUiivrmPTK8ub7Cj55WV9uOb0zJpPJ6Gji41SwxKNZzCbuPLsbT/2hH0E2M99lFnLhc0vI2l9pdDQR8XA7CyuZ8MJS1uwpJSLIyttTh3Jh/2SjY4mfUMESrzC+XxIfXj+MxMggdhZVceFzS/gmo8DoWCLioX7YVsiEF5ayu7ia5DbBzL1hGCenaY8raT0qWOI1eiVFMu/mEQxJjaairoE/vrWK577NwuXSuiwRaeRwunhiUSZXv7GC0mo7fVOi+PiG4aS3DTc6mvgZFSzxKrFhgbx7zVAuH9oelwv+vTCTm2etpbq+wehoImKwwoo6rnr9Z57+JguXCyYNbc8H151EXHig0dHED1mNDiByrAKsZh68sDfdEyKYMW8zn2/Yy87CKl6+aqD2sxHxUyuyS7hp5hr2V9QREmDhoQt7c0H/JKNjiR/TCJZ4rStO6sDMa08iJjSALXvLOf/ZJfywrdDoWCLSipxOFy9+v4OJryxnf0UdnduGMe+m4SpXYjgVLPFqQzpGM+/mEfRKiqCkqp6rXl/BPz/bQq3dYXQ0EWlhpdX1XPfOquY98i7sn8SnN2m9lXgGFSzxeklRwXx4/TCuOrkDAK8vyeaC55awrUD3MRTxVetzSjn36Z/4aut+AqxmHp7Qmycu7UtIgFa+iGdQwRKfEGSz8M/xvXjt6kHEhAaQsa+Ccc/8xFtLd+kqQxEf4nK5eHvZLi55cRl5pTV0iAlh7rRhTBzSXpuHikdRwRKfcnr3eL78yymc2jWOugYn983bzNQ3V1JYUWd0NBE5QSVV9dw0cy33frqZeoeTs3rG89nNI+iVFGl0NJHDqGCJz4kLD+SNyYO5b1wPAqxmvs0s5JynfuDbjP1GRxOR4/Tlpr2c+eT3zN+4F6vZxD/O7c6LVwwkIkg3axbPpIIlPslkMjFleEfm3TScrvHhFFXWM+XNlcyYt1kL4EW8SOOo1Rquf3cNRZX1dI0PZ+4Nw7hmZCdNCYpHU8ESn9atXQSf3jScycNSAXhz6S7GP7uEjH3lxgYTkd+1YONexjzxPZ9v2IvFbOLm09KZd/Nw+iRHGR1N5HfpcgvxeUE2CzPO78mornH8dc4GMgsqOP+ZJdx0Wjp/GtWJQKvF6Igi8ivFlXXcO28z8zfsBaBrfDiPXdKX3slaayXeQyNY4jdGd23Ll38Zyend2lLvcPLE4m2c89SPLNtRbHQ0EWnyxca9nPnkD8z/r1ErlSvxNhrBEr8SGxbIq1cP4rMNe/nnZ1vYWVjFxFeWc9GAZO4e242YMN2zTMQIxZV13PvpZuZvbBy16taucdRKVwiKt1LBEr9jMpk4v28io7rE8e+FGbz38x4+WpPL1xkF3HVONy4ZmILZrMWzIq3B5XLx+Ya93DdvMyVV9VjMJm48NY2bTutMgFWTLOK9VLDEb0UG23jggt5MGJDM3z/exNa95dz50UY+Wp3HAxf2oku8brch0pK27i3nn59tYdnOxml6jVqJL1HBEr83oH0bPrtpOG8s2cUTi7exYlcJY5/6ketO6cTNp3UmOECL4EXcqbiyjicWb2PWij04XRBoNTPt1DRuODVdo1biM1SwRACrxcy1p3RibJ8E7vt0M19tLeD573bw2YZ8/m98L07t2tboiCJez+5w8s6y3fznq22U1zYAcG6fBO46pxvJbUIMTifiXipYIr+SFBXMq1cPYtHmfcyYt5mckhomv7GSM3vEc8fZXUlvq2lDkePxXeZ+/u/zLeworAKgR0IE943rwdBOMQYnE2kZKlgiR3Bmz3YMT4/lycXbeGPpLhZtKeCrrQVcMjCFv4zpTEJksNERRbzCzsJKHpi/lW+ablUVExrA7Wd15dJBKVh0MYn4MBUskd8QGmjlH+f14LLBKfx7YSaLthTwwaocPlmXx+RhqUw7NY2okACjY4p4pLIaO898vZ03l+6iwenCajYxZXgqN5/eWfcPFL+ggiXyOzrHh/PyVYNYvfsAj3yZwYrsEl76YSezVuzh+lPTmDKsoxbCizSptTv4YGUOT3+9neKqegBO69aWv5/bnbS4MIPTibQeFSyRozSwQxs+uO4kvsss5JEvM8jYV8GjX2by1tJd/Pn0Llw6KBmrRVdAiX+qtTuYtWIPL36/g4LyOgA6xYVyz3k9GK2LRMQPqWCJHAOTycTobm05pUscn67L4/FF28grreHujzfy6k87+euZXTm7VztMJq0tEf9QU+9gZlOxKqxoLFYJkUHccGoafxjSHpv+0yF+SgVL5DhYzCYmDEjm3D4JvLd8D89+m8XOwiqmvbeGvilR/Pn0dE7t0lY7wovPqq5v4L3le3jph50UVTYWq6SoYG4YncbFA5N1E3XxeypYIicg0Gph6oiOXDIomVd+2MmrP2WzPqeUqW+uonPbMK49pRPj+yXqxUZ8RnV9A+8s280rP+6kqLJxjVVym2BuHJ3ORQOStVGoSBMVLBE3CA+yMf3Mrlx5ciov/7CDWSty2L6/kjs+3MBjCzOZMrwjk4a2JzJYV0+Jd6qqa+DtpmJV0rR4PSU6mJtGpzNhQLKmAkX+iwqWiBvFhQfy93N7cPPpnZn18x5eX5JNQXkdj3yZwXPfZvGHwSlMHdGRuFD90xPvUFBey5w12by9bBcHqu0AdIgJ4abR6VzQP0nFSuQ36Ke8SAuICLLxp1FpTBnekXnr83nlh51kFlTw6k/ZvLl0F+f2bkdXl9EpRY7M5XKxYlcJb24zc9vPP9LgbPxm7Rgbyk2j0xnfL1FXzIr8DhUskRYUYDVz8cBkLhqQxHfbCnn5+50s21nMp+v3AlaWVK3m+lPTGJEeqysPxXBVdQ18vDaPd5fvJmNfBWAGXAxObcNVJ6dyTq92KlYiR0kFS6QVmEwmRndty+iubdmYW8aL32fxxca9LNlRzJIdxaS3DePSQclc2D+ZuPBAo+OKn9lRWMk7y3bz0epcKuoab8IcbDPTr00Dd108nD7tow1OKOJ9VLBEWlnv5Ej+c2kfBlpz2RXYiTmr88jaX8lDX2TwyJeZnNatLZcMTGZ0t7Za3yItpsHh5OuM/byzbDc/ZRU1H+8YG8oVJ3Xggj7x/PTtYron6AbnIsdDBUvEIDFBcOXYbvz17G58vmEvs1flsHZPKYu3FLB4SwGxYQFMGJDMJQOT6RyvFzlxjz3F1cxbn8esFTnkldYAYDLB6d3acuXJqYxMj8VsNmG32w1OKuLdVLBEDBYeZGPikPZMHNKerP0VzFmVy0dr8iiqrOPlH3by8g876d8+iksHpXBenwTCdaNcOUYF5bV8vmEvn63PZ11OafPxNiE2LhvcnsuHticlOsS4gCI+SAVLxIOktw3nrrHduf2srnyXWcjsVTl8k7GftXtKWbunlPs/28zYXglcPDCZoZ1isGinePkNB6rqWbBpH5+tz2d5djGupqtWzSY4OS2GC/snc16fBIJs2gRXpCWoYIl4IJvFzJge8YzpEc/+ilo+WZvH7FW5ZO2vZO7aPOauzSM6NIDTu7VlTI94RnaOIzhAL5T+rrKugcVb9jFvXT4/bi9q3l4BYED7KM7vm8jYPgm0DQ8yMKWIf1DBEvFwbcODuO6UNK4d2Yl1OaXMXpXDFxv3UVJVz5zVucxZnUuQzcwpneMY0yOe07vHEx0aYHRsaSW1dgffZe5n3vp8vt66n7oGZ/PHuidEcH7fRM7rk6ApQJFWpoIl4iVMJhP927ehf/s2/N/4XqzYVcLiLQUs2lxAXmkNi7YUsGhLAWYTDEqN5swe8ZzZox3tY/TC6ktcLheZBRX8uK2IH7YX8nN2CfW/KlUdY0MZ1zeR8/smkN5WF0eIGEUFS8QLWS1mhqXFMiwtlnvP68GWveXNZWvL3nJWZJewIruEB+ZvpVu7cM7sEc9p3ePplRihjSK9UElVPT9lFfHDtkJ+3F5IQXndIR9Pigrm3D4JnN83kZ6JEdq0VsQDqGCJeDmTyUTPxEh6JkbylzO6kFNSzVdbG8vWil0lZOyrIGNfBU9/k0VogIWBqdEM7RjNkI7R9EmOJNCqtVuexu5wsnZPKT9sK+SH7YVszCtrXqQOEGQzM7RjDKd0ieOUzrGktw1TqRLxMCpYIj4mJTqEKcM7MmV4R0qr6/kmYz+LtxSwJKuI8tqGxhftbYVA4618+qdENRWuGAZ0iCIkQD8WWlt1fQOb88tZn1PKiuwSlu0obt5R/aBu7cKbClUcg1Lb6Oo/EQ+nn6QiPiwqpHGz0gkDknE6G9fu/LyzmBW7GqcQiyrr+Tm7hJ+zS4AsrGYTvZIim0e4BnZoQ1SIFsy7k93hZFtBBetzytiQW8q6nFK2FVTg/K+bf0eHBjAiPZZTusQxsnMs8RG68k/Em/hNwZo9ezaPPvoo+/btw2azMXr0aB566CHatWtndDSRVmE2m+ieEEH3hAgmD++Iy+ViZ1FV83qtn3cWk19Wy7qcxhf9l37YCUBCZBBd24XTtV043dqF0zU+grS2oZpaPAoul4vdxdWsbypSG3LL2JRXdsiVfgfFRwTSNzmKfu2jGJEeS6/ESMza50zEa/lFwZo3bx7XXHMNCxYsYPjw4VRWVnLdddcxduxY1qxZY3Q8EUOYTCbS4sJIiwtj4pD2AOQeqG4qWyX8nF3MruJq9pbVsreslu8yC5sfazWb6BQXStd2EU2lq7GAJbcJ9su1QNX1DewurmZXURXZxVXsKqpiV3E1mfsqKKs5/JYz4UFW+iZH0Tclkj7JUfRNjqJdpEaoRHyJXxSsBQsWcMYZZzB8+HAAwsLCuPPOO+nXrx8lJSVER+tO8SIAyW1CSG4TwoQByQCU1djZVtC4SD5zXzmZTQvmK2ob2FZQybaCSj5b/8vjwwOtpMeHkRQVTEJkEAmRTW+b3o8NC/Ta3edr7Q52/ao87SqqIruoil3FVYdd1fdrAVYzPRMjmgtV3+QoUmNCNTol4uP8omANGjSIe++9l/z8fBITE4HGUa1evXqpXIn8D5HBNganRjM49Zd/Jy6Xi71ltc1lK6OpeO0orKSirqH5tj5HYjWbiI8IOqR0HfwVEWwjNMBKaKCV0EALIQFWQgMsLbatRK3dwYHqekqq6jlQZae4qo4DVfWUVNspqar71TE7xVX1FFX+dokCiAqxkRoTSsfYUDrEhNAxNpS0uDC6xIcTYNXWGCL+xi8K1tSpUykpKeHkk0/mzDPPJCMjg+7du/P111//5mPq6uqoq/vlB2p5eTkAdrvd7+4yf/D5+tvzbknefk7jQq3EpbVhRFqb5mP1DU52FVexo7CKfeV17GuaWtxX3vh2f0UdDU4XeaU15JXWwO4DR/W1AqxmQgMshARYCA2wEhL4y+9tFhMNThf2BicF+83MLliJk8ZjDqeLBqeTBsfB3ze+rW9wUlZjp6recczPOyLISmpMCB1iQprehtIhOpjUmFCiQn7jJtwuB3b7sX8to3n796gn8udz6o/P2eRyuVy//2meq7CwkP79+//mx6dPn87111/PbbfdRkZGBhMnTmTLli3Mnz+fxx9/nPPPP/+Ij5sxYwb333//YcdnzpxJSIh2xhY5Vg4XVNRDaT0cqDdRWgel9SZK66G0zkStA+ocUOdsfOtwtfwUmtnkIswKoVYIs7kItR38PYRZG98Ps0KozUWbAAixgh8uMRM5YdXV1UyaNImysjIiIiKMjtMqvL5gHY1rr72WoqIi5s6d27wAd8WKFYwcOZLNmzeTnp5+2GOONIKVkpJCUVGR33xzHGS321m8eDFjxozBZvuN/6XLMdE5/X31DU6q6x1U1zdQVe+gqq6h6X1H8/t2hxOrxYzJ5SRj6xb69u5FoM2KxWzCajZjsZiwmk1N7//ytk1IAG1CbIQHWf1yUf7R0Peo+/nzOS0vLyc2NtavCpZfTBEuWbKE66677pAfpEOGDCE0NJQ1a9YcsWAFBgYSGBh42HGbzeZ3/zAO8ufn3lJ0Tn+bzQahwUf3uXa7nS+KNzN2YIrOp5vpe9T9/PGc+tvzBfCLlZejR4/mpZdeYvv27QDU19czY8YMGhoamq8sFBEREXEXvxjBeuKJJ3jkkUcYN24clZWVOBwOTjrpJL7//nuSkpKMjiciIiI+xi8KVmBgIPfeey/33nuv0VFERETED/jFFKGIiIhIa1LBEhEREXEzFSwRERERN1PBEhEREXEzFSwRERERN1PBEhEREXEzFSwRERERN1PBEhEREXEzFSwRERERN1PBEhEREXEzFSwRERERN1PBEhEREXEzFSwRERERN7MaHcBbuFwuAMrLyw1O0vrsdjvV1dWUl5djs9mMjuMTdE7dS+fT/XRO3c+fz+nB186Dr6X+QAXrKFVUVACQkpJicBIRERHvVFFRQWRkpNExWoXJ5U918gQ4nU7y8/MJDw/HZDIZHadVlZeXk5KSQk5ODhEREUbH8Qk6p+6l8+l+Oqfu58/n1OVyUVFRQWJiImazf6xO0gjWUTKbzSQnJxsdw1ARERF+90OhpemcupfOp/vpnLqfv55Tfxm5Osg/aqSIiIhIK1LBEhEREXEzFSz5XYGBgdx3330EBgYaHcVn6Jy6l86n++mcup/OqX/RIncRERERN9MIloiIiIibqWCJiIiIuJkKloiIiIibqWDJMdm8eTNjx44lOTmZ9u3bM3nyZEpKSoyO5VXefPNNevXqRXJyMkOGDGHJkiVGR/Jqr732Gj179iQpKYnu3bvz8ssvGx3JZ+Tm5hIdHc3kyZONjuLVsrOzGT9+PElJSSQkJHDZZZexd+9eo2NJC1PBkqNWXFzMaaedxjnnnENOTg6ZmZnU1tYyceJEo6N5jXfffZe7776bDz/8kNzcXO68807OPfdcsrOzjY7mld555x1mzJjB7NmzycvLY+7cudx7773MmjXL6Ghez+VycfXVV/v9BssnqrS0lNGjRzNu3Dhyc3PZuXMnNpuNp59+2uho0sJ0FaEctcWLF/Paa6/x/vvvNx/buHEjffr0obS01O926T0enTt3Ztq0aUyfPr352Pnnn0/nzp15/PHHDUzmnW688UZGjBhxSMm/7bbbyM7OZu7cuQYm836PPfYYX331FSeddBK7du3izTffNDqSV7rvvvtYs2YNn332WfMxh8OBxWIxMJW0Bo1gyVEbM2bMIeUKGgtWYGCg9nU5Cjk5OWRlZXHeeecdcnzcuHEsWLDAoFTe7bnnnjtsBHXjxo1+eRsSd1q/fj3/+te/eP75542O4vXmzZvH2LFjDzmmcuUfVLDkuC1cuJBp06Zx1113ERQUZHQcj5eXlwdAYmLiIccTExObPybHz263c/PNN7Ns2TJuv/12o+N4rdraWi6//HL+9a9/0alTJ6PjeL3t27cTFRXFtddeS8eOHenduzcPPPAADQ0NRkeTFqabPQsAhYWF9O/f/zc/Pn369OZpLYfDwT333MNTTz3Fww8/zC233NJaMb2azWYDOOxO8iaTCc3Un5g9e/Zw6aWXUl5ezk8//USvXr2MjuS17rjjDtLS0rjmmmuMjuITHA4HDzzwAM8//zwvv/wy27Zt46KLLuLAgQNaFuDjVLAEgLi4OHJzc3/382pra5kwYQJFRUWsWbOGrl27tkI633BwsXB+fj7p6enNx/Pz80lKSjIqltdbvXo1Y8eO5corr+TBBx/UdPUJWLRoER988AEbN240OorPaN++Pddddx2jRo0CoGvXrtxzzz3cdNNNKlg+TgVLjsmVV15JaGgon3zyCQEBAUbH8Srx8fH07duXL7744pBRv4ULF3L22WcbmMx77dmzh7Fjx/Lss89yySWXGB3H633xxRfs37+f+Pj4wz721ltvsXjxYs444wwDknmvkSNHUldXd9hx/UfA9+kqQjlqs2fP5r777mPdunX64XCcZs2axV//+le++eYbunTpwieffMLVV1/NmjVrSEtLMzqe1xk7dixDhw7lvvvuMzqKz5oxY4auIjwBWVlZjBo1ipkzZzJq1Ch2797N2LFjueiii/jnP/9pdDxpQRrBkqO2YMECcnNzj1gEnnzySY0gHIWJEydSXl7OeeedR2VlJUlJSXz++ecqV8dpwYIFrF69mldeeeWwjx3NlLdIS0tPT2fmzJnccccdZGdnEx4ezuTJk7nrrruMjiYtTCNYIiIiIm6mbRpERERE3EwFS0RERMTNVLBERERE3EwFS0RERMTNVLBERERE3EwFS0RERMTNVLBERERE3EwFS0RERMTNVLBERERE3EwFS0RERMTNVLBExGu9+OKLJCcnU1paCjTeWLdNmzasWrXK2GAi4vd0L0IR8Wrjx48nOjqa1157jVGjRnH++efz17/+1ehYIuLnVLBExKsVFRXRp08fhg0bRnl5OQsXLsRkMhkdS0T8nNXoACIiJyI2NpabbrqJv//973z//fcqVyLiETSCJSJebffu3QwZMoQLL7yQ1atXs3TpUmw2m9GxRMTPaZG7iHgth8PBpEmTuOGGG3j++ecJDg7mnnvuMTqWiIhGsETEe91zzz189tlnrFy5EpvNxs6dO+nXrx+ffPIJp512mtHxRMSPqWCJiIiIuJmmCEVERETcTAVLRERExM1UsERERETcTAVLRERExM1UsERERETcTAVLRERExM1UsERERETcTAVLRERExM1UsERERETcTAVLRERExM1UsERERETcTAVLRERExM1UsERERETcTAVLRERExM1UsERERETcTAVLRERExM1UsERERETcTAVLRERExM1UsERERETcTAVLRERExM1UsERERETcTAVLRERExM1UsERERETcTAVLRERExM1UsERERETcTAVLRERExM1UsERERETc7P8BhXsc1sedcQQAAAAASUVORK5CYII="/><figcaption aria-hidden="true">円のグラフ</figcaption></figure><ul><li>円の中心は赤い点で示されています。</li><li>半径5の円が描かれています。</li></ul>            </div>        </foreignObject>        </svg>        ', 'https://firebasestorage.googleapis.com/v0/b/fairedu-eb4f7.appspot.com/o/segment_12.mp3?alt=media&token=e96ade64-f422-4f82-a334-3da4a2d951de', 'このえんをぐらふでかいてみましょう。えんのちゅうしんはあかい てんでしめされています。はんけいごのえんがかかれています。', 'str12'),
('seg13', 'lec11', '{"内分点の公式","",""}', 'seg12', 'seg14', '        <svg xmlns="http://www.w3.org/2000/svg" viewBox="0 0 676 381">        <foreignObject x= "50" y="0" width="90%" height="100%">            <div xmlns="http://www.w3.org/1999/xhtml">            <style>html {color: #1a1a1a;background-color: #fdfdfd;}body {margin: 0 auto;max-width: 36em;padding-left: 50px;padding-right: 50px;padding-top: 50px;padding-bottom: 50px;hyphens: auto;overflow-wrap: break-word;text-rendering: optimizeLegibility;font-kerning: normal;}@media (max-width: 600px) {body {font-size: 0.9em;padding: 12px;}h1 {font-size: 1.8em;}}@media print {html {background-color: white;}body {background-color: transparent;color: black;font-size: 12pt;}p, h2, h3 {orphans: 3;widows: 3;}h2, h3, h4 {page-break-after: avoid;}}p {margin: 1em 0;}a {color: #1a1a1a;}a:visited {color: #1a1a1a;}img {max-width: 100%;}svg {height: auto;max-width: 100%;}h1, h2, h3, h4, h5, h6 {margin-top: 1.4em;}h5, h6 {font-size: 1em;font-style: italic;}h6 {font-weight: normal;}ol, ul {padding-left: 1.7em;margin-top: 1em;}li > ol, li > ul {margin-top: 0;}blockquote {margin: 1em 0 1em 1.7em;padding-left: 1em;border-left: 2px solid #e6e6e6;color: #606060;}code {font-family: Menlo, Monaco, Consolas, ''Lucida Console'', monospace;font-size: 85%;margin: 0;hyphens: manual;}pre {margin: 1em 0;overflow: auto;}pre code {padding: 0;overflow: visible;overflow-wrap: normal;}.sourceCode {background-color: transparent;overflow: visible;}hr {background-color: #1a1a1a;border: none;height: 1px;margin: 1em 0;}table {margin: 1em 0;border-collapse: collapse;width: 100%;overflow-x: auto;display: block;font-variant-numeric: lining-nums tabular-nums;}table caption {margin-bottom: 0.75em;}tbody {margin-top: 0.5em;border-top: 1px solid #1a1a1a;border-bottom: 1px solid #1a1a1a;}th {border-top: 1px solid #1a1a1a;padding: 0.25em 0.5em 0.25em 0.5em;}td {padding: 0.125em 0.5em 0.25em 0.5em;}header {margin-bottom: 4em;text-align: center;}#TOC li {list-style: none;}#TOC ul {padding-left: 1.3em;}#TOC > ul {padding-left: 0;}#TOC a:not(:hover) {text-decoration: none;}code{white-space: pre-wrap;}span.smallcaps{font-variant: small-caps;}div.columns{display: flex; gap: min(4vw, 1.5em);}div.column{flex: auto; overflow-x: auto;}div.hanging-indent{margin-left: 1.5em; text-indent: -1.5em;}ul.task-list[class]{list-style: none;}ul.task-list li input[type="checkbox"] {font-size: inherit;width: 0.8em;margin: 0 0.8em 0.2em -1.6em;vertical-align: middle;}</style><h2 id="内分点と外分点">4. 内分点と外分点</h2><p><strong>内分点</strong>と<strong>外分点</strong>は、線分を特定の比で分ける点です。</p><h3 id="内分点の公式">内分点の公式</h3><p>線分<math display="inline" xmlns="http://www.w3.org/1998/Math/MathML"><semantics><mrow><mi>A</mi><mi>B</mi></mrow><annotation encoding="application/x-tex">AB</annotation></semantics></math>を<math display="inline" xmlns="http://www.w3.org/1998/Math/MathML"><semantics><mrow><mi>m</mi><mo>:</mo><mi>n</mi></mrow><annotation encoding="application/x-tex">m:n</annotation></semantics></math>に内分する点<math display="inline" xmlns="http://www.w3.org/1998/Math/MathML"><semantics><mi>P</mi><annotation encoding="application/x-tex">P</annotation></semantics></math>の座標：</p><p><math display="block" xmlns="http://www.w3.org/1998/Math/MathML"><semantics><mrow><mi>P</mi><mrow><mo form="prefix" stretchy="true">(</mo><mfrac><mrow><mi>n</mi><msub><mi>x</mi><mn>1</mn></msub><mo>+</mo><mi>m</mi><msub><mi>x</mi><mn>2</mn></msub></mrow><mrow><mi>m</mi><mo>+</mo><mi>n</mi></mrow></mfrac><mo>,</mo><mspace width="0.222em"></mspace><mfrac><mrow><mi>n</mi><msub><mi>y</mi><mn>1</mn></msub><mo>+</mo><mi>m</mi><msub><mi>y</mi><mn>2</mn></msub></mrow><mrow><mi>m</mi><mo>+</mo><mi>n</mi></mrow></mfrac><mo form="postfix" stretchy="true">)</mo></mrow></mrow><annotation encoding="application/x-tex">P\left( \frac{n x_1 + m x_2}{m + n},\ \frac{n y_1 + m y_2}{m + n} \right)</annotation></semantics></math></p>            </div>        </foreignObject>        </svg>        ', 'https://firebasestorage.googleapis.com/v0/b/fairedu-eb4f7.appspot.com/o/segment_12.mp3?alt=media&token=e96ade64-f422-4f82-a334-3da4a2d951de', '内分点と外分点について学びましょう。内分点は、線分を特定の比で分ける点です。ここでは、内分点の公式を見ていきます。線分　エー　ビー　を　エム　コロン　エヌ　に内分する点　ピー　の座標は次のようになります。ピー　の　ざひょう　は　かっこ　なな　エヌ　かける　エックス　1　たす　エム　かける　エックス　2　わる　エム　たす　エヌ　かっこ　、　なな　エヌ　かける　ワイ　1　たす　エム　かける　ワイ　2　わる　エム　たす　エヌ　かっこ　です。この公式を使うことで、与えられた線分の内分点の座標を求めることができます。次に、具体的な例を考えてみましょう。', 'str13'),
('seg14', 'lec11', '{"例題４,内分点の演習問題","",""}', 'seg13', 'seg15', '        <svg xmlns="http://www.w3.org/2000/svg" viewBox="0 0 676 213">        <foreignObject x= "50" y="0" width="90%" height="100%">            <div xmlns="http://www.w3.org/1999/xhtml">            <style>html {color: #1a1a1a;background-color: #fdfdfd;}body {margin: 0 auto;max-width: 36em;padding-left: 50px;padding-right: 50px;padding-top: 50px;padding-bottom: 50px;hyphens: auto;overflow-wrap: break-word;text-rendering: optimizeLegibility;font-kerning: normal;}@media (max-width: 600px) {body {font-size: 0.9em;padding: 12px;}h1 {font-size: 1.8em;}}@media print {html {background-color: white;}body {background-color: transparent;color: black;font-size: 12pt;}p, h2, h3 {orphans: 3;widows: 3;}h2, h3, h4 {page-break-after: avoid;}}p {margin: 1em 0;}a {color: #1a1a1a;}a:visited {color: #1a1a1a;}img {max-width: 100%;}svg {height: auto;max-width: 100%;}h1, h2, h3, h4, h5, h6 {margin-top: 1.4em;}h5, h6 {font-size: 1em;font-style: italic;}h6 {font-weight: normal;}ol, ul {padding-left: 1.7em;margin-top: 1em;}li > ol, li > ul {margin-top: 0;}blockquote {margin: 1em 0 1em 1.7em;padding-left: 1em;border-left: 2px solid #e6e6e6;color: #606060;}code {font-family: Menlo, Monaco, Consolas, ''Lucida Console'', monospace;font-size: 85%;margin: 0;hyphens: manual;}pre {margin: 1em 0;overflow: auto;}pre code {padding: 0;overflow: visible;overflow-wrap: normal;}.sourceCode {background-color: transparent;overflow: visible;}hr {background-color: #1a1a1a;border: none;height: 1px;margin: 1em 0;}table {margin: 1em 0;border-collapse: collapse;width: 100%;overflow-x: auto;display: block;font-variant-numeric: lining-nums tabular-nums;}table caption {margin-bottom: 0.75em;}tbody {margin-top: 0.5em;border-top: 1px solid #1a1a1a;border-bottom: 1px solid #1a1a1a;}th {border-top: 1px solid #1a1a1a;padding: 0.25em 0.5em 0.25em 0.5em;}td {padding: 0.125em 0.5em 0.25em 0.5em;}header {margin-bottom: 4em;text-align: center;}#TOC li {list-style: none;}#TOC ul {padding-left: 1.3em;}#TOC > ul {padding-left: 0;}#TOC a:not(:hover) {text-decoration: none;}code{white-space: pre-wrap;}span.smallcaps{font-variant: small-caps;}div.columns{display: flex; gap: min(4vw, 1.5em);}div.column{flex: auto; overflow-x: auto;}div.hanging-indent{margin-left: 1.5em; text-indent: -1.5em;}ul.task-list[class]{list-style: none;}ul.task-list li input[type="checkbox"] {font-size: inherit;width: 0.8em;margin: 0 0.8em 0.2em -1.6em;vertical-align: middle;}</style><h3 id="例題4">【例題4】</h3><p><strong>点 A(1, 2) と点 B(7, 8) を 3:1 に内分する点<math display="inline" xmlns="http://www.w3.org/1998/Math/MathML"><semantics><mi>P</mi><annotation encoding="application/x-tex">P</annotation></semantics></math>の座標を求めてください。</strong></p>            </div>        </foreignObject>        </svg>        ', 'https://firebasestorage.googleapis.com/v0/b/fairedu-eb4f7.appspot.com/o/segment_12.mp3?alt=media&token=e96ade64-f422-4f82-a334-3da4a2d951de', '点 エー　かっこ　1　カンマ　2　かっこ　と　点 ビー　かっこ　7　カンマ　8　かっこ　を　3　コ　1　に　ないぶん　する　てん　P　の　ざひょう　を　もとめてください。', 'str14'),
('seg15', 'lec11', '{"例題４,内分点の演習問題の解説","",""}', 'seg14', 'seg16', '        <svg xmlns="http://www.w3.org/2000/svg" viewBox="0 0 676 394">        <foreignObject x= "50" y="0" width="90%" height="100%">            <div xmlns="http://www.w3.org/1999/xhtml">            <style>html {color: #1a1a1a;background-color: #fdfdfd;}body {margin: 0 auto;max-width: 36em;padding-left: 50px;padding-right: 50px;padding-top: 50px;padding-bottom: 50px;hyphens: auto;overflow-wrap: break-word;text-rendering: optimizeLegibility;font-kerning: normal;}@media (max-width: 600px) {body {font-size: 0.9em;padding: 12px;}h1 {font-size: 1.8em;}}@media print {html {background-color: white;}body {background-color: transparent;color: black;font-size: 12pt;}p, h2, h3 {orphans: 3;widows: 3;}h2, h3, h4 {page-break-after: avoid;}}p {margin: 1em 0;}.bold-math {    font-weight: bold;}a {color: #1a1a1a;}a:visited {color: #1a1a1a;}img {max-width: 100%;}svg {height: auto;max-width: 100%;}h1, h2, h3, h4, h5, h6 {margin-top: 1.4em;}h5, h6 {font-size: 1em;font-style: italic;}h6 {font-weight: normal;}ol, ul {padding-left: 1.7em;margin-top: 1em;}li > ol, li > ul {margin-top: 0;}blockquote {margin: 1em 0 1em 1.7em;padding-left: 1em;border-left: 2px solid #e6e6e6;color: #606060;}code {font-family: Menlo, Monaco, Consolas, ''Lucida Console'', monospace;font-size: 85%;margin: 0;hyphens: manual;}pre {margin: 1em 0;overflow: auto;}pre code {padding: 0;overflow: visible;overflow-wrap: normal;}.sourceCode {background-color: transparent;overflow: visible;}hr {background-color: #1a1a1a;border: none;height: 1px;margin: 1em 0;}table {margin: 1em 0;border-collapse: collapse;width: 100%;overflow-x: auto;display: block;font-variant-numeric: lining-nums tabular-nums;}table caption {margin-bottom: 0.75em;}tbody {margin-top: 0.5em;border-top: 1px solid #1a1a1a;border-bottom: 1px solid #1a1a1a;}th {border-top: 1px solid #1a1a1a;padding: 0.25em 0.5em 0.25em 0.5em;}td {padding: 0.125em 0.5em 0.25em 0.5em;}header {margin-bottom: 4em;text-align: center;}#TOC li {list-style: none;}#TOC ul {padding-left: 1.3em;}#TOC > ul {padding-left: 0;}#TOC a:not(:hover) {text-decoration: none;}code{white-space: pre-wrap;}span.smallcaps{font-variant: small-caps;}div.columns{display: flex; gap: min(4vw, 1.5em);}div.column{flex: auto; overflow-x: auto;}div.hanging-indent{margin-left: 1.5em; text-indent: -1.5em;}ul.task-list[class]{list-style: none;}ul.task-list li input[type="checkbox"] {font-size: inherit;width: 0.8em;margin: 0 0.8em 0.2em -1.6em;vertical-align: middle;}</style><h4 id="解答">【解答】</h4><ol type="1"><li><p><strong>公式に代入します</strong></p><p><math display="block" xmlns="http://www.w3.org/1998/Math/MathML"><semantics><mrow><mi>x</mi><mo>=</mo><mfrac><mrow><mn>1</mn><mo>×</mo><mn>1</mn><mo>+</mo><mn>3</mn><mo>×</mo><mn>7</mn></mrow><mrow><mn>3</mn><mo>+</mo><mn>1</mn></mrow></mfrac><mo>=</mo><mfrac><mrow><mn>1</mn><mo>+</mo><mn>21</mn></mrow><mn>4</mn></mfrac><mo>=</mo><mfrac><mn>22</mn><mn>4</mn></mfrac><mo>=</mo><mn>5.5</mn></mrow><annotation encoding="application/x-tex">x = \frac{1 \times 1 + 3 \times 7}{3 + 1} = \frac{1 + 21}{4} = \frac{22}{4} = 5.5</annotation></semantics></math></p><p><math display="block" xmlns="http://www.w3.org/1998/Math/MathML"><semantics><mrow><mi>y</mi><mo>=</mo><mfrac><mrow><mn>1</mn><mo>×</mo><mn>2</mn><mo>+</mo><mn>3</mn><mo>×</mo><mn>8</mn></mrow><mrow><mn>3</mn><mo>+</mo><mn>1</mn></mrow></mfrac><mo>=</mo><mfrac><mrow><mn>2</mn><mo>+</mo><mn>24</mn></mrow><mn>4</mn></mfrac><mo>=</mo><mfrac><mn>26</mn><mn>4</mn></mfrac><mo>=</mo><mn>6.5</mn></mrow><annotation encoding="application/x-tex">y = \frac{1 \times 2 + 3 \times 8}{3 + 1} = \frac{2 + 24}{4} = \frac{26}{4} = 6.5</annotation></semantics></math></p></li></ol><h4 id="答え">【答え】</h4><p>点<math display="inline" xmlns="http://www.w3.org/1998/Math/MathML"><semantics><mi>P</mi><annotation encoding="application/x-tex">P</annotation></semantics></math>の座標は<math class="bold-math" display="inline" xmlns="http://www.w3.org/1998/Math/MathML"><semantics><mrow><mo form="prefix" stretchy="true">(</mo><mn>5.5</mn><mo>,</mo><mspace width="0.222em"></mspace><mn>6.5</mn><mo form="postfix" stretchy="true">)</mo></mrow><annotation encoding="application/x-tex">(5.5,\ 6.5)</annotation></semantics></math>です。</p>            </div>        </foreignObject>        </svg>        ', 'https://firebasestorage.googleapis.com/v0/b/fairedu-eb4f7.appspot.com/o/segment_12.mp3?alt=media&token=e96ade64-f422-4f82-a334-3da4a2d951de', '1. こうしきにだいにゅうします。   ゼロ　イコール　1　かける　1　たす　3　かける　7　わる　3　たす　1　イコール　1　たす　21　わる　4　イコール　22　わる　4　イコール　5.5   ゼロ　イコール　1　かける　2　たす　3　かける　8　わる　3　たす　1　イコール　2　たす　24　わる　4　イコール　26　わる　4　イコール　6.52. てん　P　のざひょうは ** (5.5, 6.5) ** です。', 'str15'),
('seg16', 'lec11', '{"内分点のグラフの説明","",""}', 'seg15', 'seg17', '        <svg xmlns="http://www.w3.org/2000/svg" viewBox="0 0 676 871">        <foreignObject x= "50" y="0" width="90%" height="100%">            <div xmlns="http://www.w3.org/1999/xhtml">            <style>html {color: #1a1a1a;background-color: #fdfdfd;}body {margin: 0 auto;max-width: 36em;padding-left: 50px;padding-right: 50px;padding-top: 50px;padding-bottom: 50px;hyphens: auto;overflow-wrap: break-word;text-rendering: optimizeLegibility;font-kerning: normal;}@media (max-width: 600px) {body {font-size: 0.9em;padding: 12px;}h1 {font-size: 1.8em;}}@media print {html {background-color: white;}body {background-color: transparent;color: black;font-size: 12pt;}p, h2, h3 {orphans: 3;widows: 3;}h2, h3, h4 {page-break-after: avoid;}}p {margin: 1em 0;}a {color: #1a1a1a;}a:visited {color: #1a1a1a;}img {max-width: 100%;}svg {height: auto;max-width: 100%;}h1, h2, h3, h4, h5, h6 {margin-top: 1.4em;}h5, h6 {font-size: 1em;font-style: italic;}h6 {font-weight: normal;}ol, ul {padding-left: 1.7em;margin-top: 1em;}li > ol, li > ul {margin-top: 0;}blockquote {margin: 1em 0 1em 1.7em;padding-left: 1em;border-left: 2px solid #e6e6e6;color: #606060;}code {font-family: Menlo, Monaco, Consolas, ''Lucida Console'', monospace;font-size: 85%;margin: 0;hyphens: manual;}pre {margin: 1em 0;overflow: auto;}pre code {padding: 0;overflow: visible;overflow-wrap: normal;}.sourceCode {background-color: transparent;overflow: visible;}hr {background-color: #1a1a1a;border: none;height: 1px;margin: 1em 0;}table {margin: 1em 0;border-collapse: collapse;width: 100%;overflow-x: auto;display: block;font-variant-numeric: lining-nums tabular-nums;}table caption {margin-bottom: 0.75em;}tbody {margin-top: 0.5em;border-top: 1px solid #1a1a1a;border-bottom: 1px solid #1a1a1a;}th {border-top: 1px solid #1a1a1a;padding: 0.25em 0.5em 0.25em 0.5em;}td {padding: 0.125em 0.5em 0.25em 0.5em;}header {margin-bottom: 4em;text-align: center;}#TOC li {list-style: none;}#TOC ul {padding-left: 1.3em;}#TOC > ul {padding-left: 0;}#TOC a:not(:hover) {text-decoration: none;}code{white-space: pre-wrap;}span.smallcaps{font-variant: small-caps;}div.columns{display: flex; gap: min(4vw, 1.5em);}div.column{flex: auto; overflow-x: auto;}div.hanging-indent{margin-left: 1.5em; text-indent: -1.5em;}ul.task-list[class]{list-style: none;}ul.task-list li input[type="checkbox"] {font-size: inherit;width: 0.8em;margin: 0 0.8em 0.2em -1.6em;vertical-align: middle;}</style><h3 id="グラフの描画">【グラフの描画】</h3><p>点 A、点 B、内分点 P をグラフで示してみましょう。</p><h4 id="グラフの説明">【グラフの説明】</h4><figure><img alt="内分点のグラフ" aria-label="内分点のグラフ" role="img" src="data:image/png;base64,iVBORw0KGgoAAAANSUhEUgAAAlgAAAJYCAYAAAC+ZpjcAAAAOXRFWHRTb2Z0d2FyZQBNYXRwbG90bGliIHZlcnNpb24zLjcuMSwgaHR0cHM6Ly9tYXRwbG90bGliLm9yZy/bCgiHAAAACXBIWXMAAA9hAAAPYQGoP6dpAAA0dElEQVR4nO3de3hUhZnH8V8g05hIIkgsCgkCsiKLXLTAWlG51KCCFKMLKFFBLoqASIVQ8AIBBVMXRDRFQREiJIpRVFhQjGKxWkDBSxEVS0UwgAvhNmggDGT2j5BImDOQy5k558z5fp4nz0POTA5v3h3qd89MJlF+v98vAAAAmKaW1QMAAABEGgILAADAZAQWAACAyQgsAAAAkxFYAAAAJiOwAAAATEZgAQAAmIzAAgAAMBmBBQAAYDICCwAAwGQEFgAAgMkILAAAAJMRWAAAACYjsAAAAExGYAEAAJiMwAIAADAZgQUAAGAyAgsAAMBkBBYAAIDJCCwAAACTEVgAAAAmI7AAAABMRmABAACYjMACAAAwGYEFAABgMgILAADAZAQWAACAyQgsAAAAkxFYAAAAJiOwAAAATEZgAQAAmIzAAgAAMBmBBQAAYDICCwAAwGQEFgAAgMkILAAAAJMRWAAAACYjsAAAAExGYAEAAJiMwAIAADAZgQUAAGAyAgsAAMBkBBYAAIDJCCwAAACTEVgAAAAmI7AAAABMRmABAACYjMACAAAwGYEFwPb27Nmjzz//3OoxAKDSCCwAZ7Ry5Urdf//9Vf66AQMGaOXKlZKkvXv3qmXLlvr666+rfJ7ly5crNTW1yl9XXfv371dhYWGVPg4fPhy2+QDYH4EF4Iy2bt2q999/v0pfs2bNGr300kuqW7euJKl+/fpq27atRo0aFYIJz+zYsWP66aeftHfv3jPe97LLLtN5551XpY9Zs2YFnCc6OlpRUVFn/LjqqqtC8S0DsFC01QMAsI+SkhLt27cv4Pgvv/yi48ePq7CwMOC2s846S3Xq1Ak4PmnSJHXr1k3/9V//VX5s+vTpatWqlWbNmlXlK2Lbtm1TVFSU4W2HDh0ynOHo0aN6/vnntXDhQn366acqKSlRVFSU6tevr9TUVD388MNq3Lix4Tlffvll3XrrrRWOHTt2TNHRgf+z2aVLF8NzbN68WX6//wzfmRQbG3vG+wBwFgILQLnt27eradOmQW8/77zzAo4NGDBACxYsqHAsJydH77//vtatW1fheFJSkubMmaM777xTbdu2DRomRho1aqS//e1vhredffbZAcd++OEH9e7dW7/88oseeughpaen67//+7+1Z88effXVV5o+fbpat26tJUuW6A9/+IPheffu3atHH31UTzzxhF599VW98MIL5TNs3LhRw4YN04cffhh05osuuqjS3x+AyMJThAACbNmyRT6fr/yj7GrUycd8Pp8GDRoU8LWbNm3SiBEjNHr0aLVv3z7g9ltvvVXDhg3TjTfeqNWrV1d6pujoaDVv3tzw49QrW3v27FG3bt3UunVrbdy4UXfddZd++eUXnXfeeapfv746d+6sZcuWacSIEbrpppv0/fffG/6dCQkJWrp0qRYsWKCePXtqw4YN+uCDDyRJb775pmJjY1W7du1Kfw8A3IPAAhCgdu3aio6OLv8oKChQkyZNKhwre33Ryb7//nv16NFDLVu21OOPPx70/E899ZT++Mc/6vrrr9dzzz0XcHuTJk0qvEbprrvuKn+K8OSPpKQkw/OPGjVKSUlJys7OLn/67auvvlLLli0r3G/q1KlKTk5WZmam4Xk8Ho9GjBihZ599VvXq1dMtt9yiF154QcePH9e8efM0YMAAw6/r0qVLpV57derH2LFjg+4MgLPwFCGAM/r000+1f/9+/fOf/1SbNm0M77Nu3Tr17NlTTZs2VWFhoWJiYk57zocffliDBg3SiBEjdOWVVwacd9myZad9CvHvf/+7hg4dGnB827ZtWrx4sdauXVvh6tL69ev1u9/9rsJ9o6KilJqaqkWLFhn+HUePHtWtt96qzz77TMXFxZowYYJ+85vfKDc3V8ePHw94jVaZnJwcw58q/Omnn3T11Vdr5cqVatasWcDt9erVC/r9AnAWAgvAaW3evLn8ab9OnTopNzdXvXr1Crhfo0aN1L17d82ZM0eHDx/W0aNHJZVezbnjjjs0ePDg8vveeOONSkhI0KOPPqqhQ4caRluwF8+XCfbC8Pfee08XXHCBOnbsWH7s559/1scff6w//elPhnP/9NNPhudKSUmR3+8vD7kWLVpo7969GjdunGbOnCmPx2P4dY0aNSr/8759+3TuueeWf0+S1LhxYzVv3lyffvqpkpOTdf755wf9PgE4E4EFICi/368xY8aod+/emjVrlpo2barU1FRlZ2crLS2twn2TkpKUm5srSYqPj5ck+Xw+7dixQ7/73e8qPJ135MiR8nhq166dqTPv3Lkz4CcDly1bptq1axu+mH3fvn3l855q5cqVev3115WVlaWxY8fq3nvv1YcffqjOnTsHvXp1Mr/fr+uuu0633HKLxo8fH3D7+PHjdeTIEX3wwQf6zW9+U8nvEIATEFgADB07dkwjR47UmjVrtHHjRknS6NGj5fP5gr726FSffPKJjhw5og4dOlQ4fvDgwaBRUyYlJeWM5z/5SlGZOnXqaM+ePRWOPfvss+rbt6/i4uIC7v/uu+/q8ssvNzz/WWedpbS0NKWlpWnJkiXq16+fjh07phEjRlS4MhXMiy++qG+++SbovubPn6/LLrtMI0eO1Ny5c097LgDOwovcAQT47LPPdMUVV+j111/Xu+++q4YNG5bflp6eXh5eZ/LSSy+pY8eOatCgQYXj+/btU0JCQtCvW758ufbs2aP9+/dX+Ni8ebMKCgq0f/9+ffjhh3rxxRcDvvaqq67S1q1btWXLFkmlTxl+9NFHhu+79frrr+vvf/+74U9Dljly5IieffZZDRkyRPfcc48++ugjbdy4UU2bNtWjjz6qn3/+2fDrtmzZogceeEB//vOfdcEFFxjep3HjxnrppZf0/PPP69VXXw06AwDnIbAABIiPj1fz5s31+eefB7wwXJJmzpypZ5555rTn2Lx5sxYsWKCRI0dWOL5//34dPXo06NWfkpIS9evXT/Pnz1fdunXVpUsXffHFF6pbt6769++vnJwc1a1bV5988oluvfVWbd68ucLXd+jQQZ06ddI999yjVatWadCgQRo4cKAuu+yy8vscO3ZMzzzzjNLS0pSamqp+/foZzjJhwgSdf/75mjNnjnJycpSVlaVOnTpp9erVevHFF/XGG29o586dAV+3Z88e9erVSy1atDjjTwb27NlTd955p4YNG6aCgoLT3heAcxBYAAL8x3/8h1555ZWgb4NQ9rYCwRQWFurmm29Wp06ddPvtt1e4bfv27ZIU9KrOokWL9MMPP5S/KL5+/fp65513JEnDhg3TrFmzVFJSojFjxqhz585KTU0N+Im9RYsWaceOHfrDH/6giy++WFlZWZKkJUuWaPTo0WratKn+9Kc/6e6779bixYuDfi/du3fX//7v/+qLL77QDTfcUOG2W265RZ999pkuvvjigK9LT0/X4cOHtWzZskq9S/uMGTNUq1at8tewAXA+XoMFoEry8vLUqFEj1alTR99++60uueSSCrd/8MEHGjJkiGJjY8vj5ZVXXtH555+vunXr6sknn1RMTIzhr6jZsmWL7rvvPo0bN678Clfbtm316aefSpJSU1M1bNgwrVq1Stdee61mz56tli1baurUqXrsscfKz9O4cWNt2rRJBQUFuvDCC8uPb9y4UatWrdJtt92mwYMHq0WLFkG/z9tuu61Ke7n++uvL//w///M/2rt3rxo0aKBjx47pjTfeUMOGDcvj8tQ3J01MTNTf/vY3XXrppVX6OwHYF4EFoEqmT5+u7777Tr/88ovi4uIqvPXB9OnTNW7cON1+++3Kysoqf51Vfn6+XnvttfKvefjhhw3f4iA6Olq9e/fWgw8+WH7smmuuKf+Jw/r16+utt97S73//e0mlV8HefPNNw59ErF27doW4kkp/P+KkSZMq9X3OnTtXqamplbpv7969K3xe9gugy76nhx56SAUFBTp69KjatGljGJfEFRBZovyV+U2kAFzh6NGj5W8mWp23DTh8+LC2bNmi1q1bh2A6AHAOAgsAAMBkvMgdAADAZAQWAACAyQgsAAAAkxFYAAAAJuNtGiqppKREO3fuVHx8/GnfYBEAAFTk9/t16NAhNWzYULVquePaDoFVSTt37lRycrLVYwAA4Fg//vhj0N8QEWkIrEqKj4+XVPrgON0vqa0Kn8+nd999V927dzd800U3YzfG2Etw7MYYezHGXoILxW68Xq+Sk5PL/1vqBgRWJZU9LZiQkGBqYMXFxSkhIYF/4KdgN8bYS3Dsxhh7McZeggvlbtz0Eht3PBEKAAAQRgQWAACAyQgsAAAAkxFYAAAAJiOwAAAATEZgAQAAmIzAAgAAMBmBBQAAYDICCwAAwGQEFgAAgMkILAAAAJPxuwgBAIAk6dAh6ZtvSv98/LjEr2msPtdcwfr55581ZswYNW3aVElJSWrVqpWysrKsHgsAAMt5vdLw4dJvfyt16VJ6rFUr6emnJb/f0tEcyzVXsO688079/PPPWr9+verXr6+NGzfq+uuvV0lJiUaNGmX1eAAAWOKXX6TOnaWNG0uvWsXGlh7ftUu6/35p61Zp5kxrZ3Qi11zBevvttzVy5EjVr19fktS6dWv17dtX7733nsWTAQBgndmzpX/+szSujDz1lPTFF+GcKDK4JrDat2+vt956SyUlJZJKnzL84IMPdM0111g8GQAA1nn2WenEfxolST7fDH311Vfln0dHS/PmWTCYw7nmKcK8vDyNGDFCbdq00VVXXaX169dr2LBhuueeewzvX1xcrOLi4vLPvV6vJMnn88nn85kyU9l5zDpfJGE3xthLcOzGGHsxxl5+tXv3r08L+nyZOnZsoh59NEZnndVHUlNJ0vbtUk1W5cY9R/n97nj52ueff66RI0fq0ksv1RVXXKGFCxcqJiZG8+bNU8OGDQPun5GRocmTJwccz83NVVxcXDhGBgAgbPLy8pSTkyNJSktLU58+fUw7d1FRkfr376+DBw8qISHBtPPamSsCy+v1qlmzZnrhhRd00003lR8fMWKEvv76a33wwQcBX2N0BSs5OVmFhYWmPTh8Pp/y8/OVkpIiDz8LWwG7McZegmM3xtiLMfbyq3HjpNmzM3X06ERJUmxshl5+uZ0GDUrR4cOlu1m8WLr++ur/HV6vV4mJia4KLFc8Rfjtt99q79696lL2s6cnXHfddZo/f77h18TExCgmJibguMfjMf0fYyjOGSnYjTH2Ehy7McZejLEXKTp6WnlcSVMlpUtaocOHPTp61KP27aUePaTatav/d7hxx654kft//ud/6re//a0mTpyooqIiSdK2bdv0+OOP6/qaJDkAAA42bdo0TZ/+kCSpXr2pkh6sEFIpKdLbb9csrtzKFYFVp04dffjhh9q9e7datGihhg0bqlu3burcubMWLlxo9XgAAITdtGnT9NBDpXE1depUFRY+qJUrpROHtG5daVzVq2fhkA7miqcIJalFixZ65ZVXrB4DAADLnRpXDz74oCSpe3epa1dpxQrpkkusnND5XHEFCwAAlAoWVzAXgQUAgEsQV+FDYAEA4ALEVXgRWAAARDjiKvwILAAAIhhxZQ0CCwCACEVcWYfAAgAgAhFX1iKwAACIMMSV9QgsAAAiCHFlDwQWAAARgriyDwILAIAIQFzZC4EFAIDDEVf2Q2ABAOBgxJU9EVgAADgUcWVfBBYAAA5EXNkbgQUAgMMQV/ZHYAEA4CDElTMQWAAAOARx5RwEFgAADkBcOQuBBQCAzRFXzkNgAQBgY8SVMxFYAADYFHHlXAQWAAA2RFw5G4EFAIDNEFfOR2ABAGAjxFVkILAAALAJ4ipyEFgAANgAcRVZCCwAACxGXEUeAgsAAAsRV5GJwAIAwCLEVeQisAAAsABxFdkILAAAwoy4inwEFgAAYURcuQOBBQBAmBBX7kFgAQAQBsSVuxBYAACEGHHlPgQWAAAhRFy5E4EFAECIEFfuRWABABACxJW7EVgAAJiMuAKBBQCAiYgrSAQWAACmIa5QhsACAMAExBVORmABAFBDxBVORWABAFADxBWMEFgAAFQTcYVgCCwAAKqBuMLpEFgAAFQRcYUzIbAAAKgC4gqVQWABAFBJxBUqi8ACAKASiCtUBYEFAMAZEFeoKgILAIDTIK5QHQQWAABBEFeoLgILAAADxBVqgsACAOAUxBVqisACAOAkxBXMQGABAHACcQWzEFgAAIi4grmirR4gHAoKCnTFFVcEHN+7d6+6dOmit99+24KpAAB2QVzBbK4IrKSkJBUUFFQ4duDAAV100UUaM2aMRVMBAOyAuEIouPYpwszMTHXq1EnXXnut1aMAACySmZlJXCEkXHEF61S7du3SM888o7Vr11o9CgDAInl5ecrJyZFEXMF8rgysmTNnqmvXrmrdunXQ+xQXF6u4uLj8c6/XK0ny+Xzy+XymzFF2HrPOF0nYjTH2Ehy7McZejE2bNq08rqZMmaL09HR2dEIoHjNu3G2U3+/3Wz1EOB04cECNGzfW0qVL1aVLl6D3y8jI0OTJkwOO5+bmKi4uLoQTAgBC6eQrV2lpaerTp4/FE0W+oqIi9e/fXwcPHlRCQoLV44SF6wIrKytLTz75pP79738rKioq6P2MrmAlJyersLDQtAeHz+dTfn6+UlJS5PF4TDlnpGA3xthLcOzGGHupKDMzUxMnTpRUGldz585lL6cIxWPG6/UqMTHRVYHluqcI582bpzvuuOO0cSVJMTExiomJCTju8XhM/8cYinNGCnZjjL0Ex26MsZfSpwXL4mrKlClq06YNezkNM3fjxh276qcIN2/erC+++EI9e/a0ehQAQBid+lYM48ePt3giRDpXBdby5ctVt25dtW/f3upRAABhwvtcwQquCqwHHnhA+/fvV61arvq2AcC1iCtYhdIAAEQk4gpWIrAAABGHuILVCCwAQEQhrmAHBBYAIGIQV7ALAgsAEBGIK9gJgQUAcDziCnZDYAEAHI24gh0RWAAAxyKuYFcEFgDAkYgr2BmBBQBwHOIKdkdgAQAchbiCExBYAADHIK7gFAQWAMARiCs4CYEFALA94gpOQ2ABAGyNuIITEVgAANsiruBUBBYAwJaIKzgZgQUAsB3iCk5HYAEAbIW4QiQgsAAAtkFcIVIQWAAAWyCuEEkILACA5YgrRBoCCwBgKeIKkYjAAgBYhrhCpIq2egAAQOT7fNfnWvbdMh05dkTtzm+nmy65SdP/Mp24QsQisAAAIbPv8D71zeur97e+r+ha0YpSlHwlPsWtjVPRO0WSiCtEJgILABASJf4S3Zh7oz7Z8Ykk6VjJsdIbPpSKVpXG1agJo4grRCQCCwAQEu9//77WFKypePBDSatK/1jrD7W0v8P+sM8FhAMvcgcAhMSrm15VdK2T/v/4k+JK3aSSq0u0eNNilfhLrBgPCCkCCwAQEgeLD/4aT6fEla4p/ePR40flO+6zYDogtAgsAEBIXFz/YkUpKmhcSVLD+IaKiY6xYDogtAgsAEBIDL5ssI6vPh40rmpF1dK97e+1YjQg5HiROwAgJF5+9uWgcVU7qrZaN2it0VeMtmAyIPS4ggUAMN3J79De574+uuTmS8pvq/ObOrqv431aPXC16vymjlUjAiHFFSwAgKmMfv2N3+/XDwd+UPHxYl14zoWK9cRaPCUQWgQWAMA0wX63YFRUlJrWa2rlaEBY8RQhAMAU/OJm4FcEFgCgxogroCICCwBQI8QVEIjAAgBUG3EFGCOwAADVQlwBwRFYAIAqI66A0yOwAABVQlwBZ0ZgAQAqjbgCKofAAgBUCnEFVB6BBQA4I+IKqBoCCwBwWsQVUHUEFgAgKOIKqB4CCwBgiLgCqo/AAgAEIK6AmiGwAAAVEFdAzRFYAIByxBVgDgILACCJuALMRGABAIgrwGQEFgC4HHEFmI/AAgAXI66A0CCwAMCliCsgdAgsAHAh4goILQILAFyGuAJCj8ACABchroDwcFVgbd26Vb1791ajRo10wQUXqF+/ftq1a5fVYwFAWBBXQPi4JrAOHDigrl27qlevXiooKND3338vj8ejp59+2urRACDkMjMziSsgjKKtHiBcZs6cqdatW2vIkCGSpNjYWGVnZ6t27doWTwYAoZWXl6ecnBxJxBUQLq65grV06VL16NGjwjHiCkCky8zMJK4AC7jmCta//vUv1a1bV0OHDtV7772nOnXqqF+/fho/fryiowPXUFxcrOLi4vLPvV6vJMnn88nn85kyU9l5zDpfJGE3xthLcOwmUGZmpiZOnChJysjIUHp6Ovs5gcdLcKHYjRv3HOX3+/1WDxEOsbGxatasmWbPnq1rrrlG3333nW655RZdd911mjFjRsD9MzIyNHny5IDjubm5iouLC8fIAFBtJz8tmJaWpj59+lg8EdysqKhI/fv318GDB5WQkGD1OGHhmsBq0aKFhg8frvvvv7/82OLFizVy5Ejt2bMn4P5GV7CSk5NVWFho2oPD5/MpPz9fKSkp8ng8ppwzUrAbY+wlOHbzq1OvXLVr1469nILHS3Ch2I3X61ViYqKrAss1TxFeffXVFYKpTExMjOH9Y2JiDG/zeDym/2MMxTkjBbsxxl6Cc/tupk2bVh5XU6dOVXp6ulasWOH6vQTDXoIzczdu3LFrXuQ+fvx4zZo1S6tXr5Ykbdu2TVOmTNGgQYMsngwAzMH7XAH24ZorWM2bN1dubq7GjRunrVu3Kj4+XgMHDtSECROsHg0Aaoy4AuzFNYElSZ07d9a6deusHgMATEVcAfbjmqcIASASEVeAPRFYAOBQxBVgXwQWADgQcQXYG4EFAA5DXAH2R2ABgIMQV4AzEFgA4BDEFeAcBBYAOABxBTgLgQUANkdcAc5DYAGAjRFXgDMRWABgU8QV4FwEFgDYEHEFOBuBBQA2Q1wBzkdgAYCNEFdAZCCwAMAmiCsgchBYAGADxBUQWQgsALAYcQVEHgILACxEXAGRicACAIsQV0DkIrAAwALEFRDZCCwACDPiCoh8BBYAhBFxBbgDgQUAYUJcAe5BYAFAGBBXgLsQWAAQYsQV4D4EFgCEEHEFuBOBBQAhQlwB7kVgAUAIEFeAuxFYAGAy4goAgQUAJiKuAEgEFgCYhrgCUIbAAgATEFcATkZgAUANEVcATkVgAUANEFcAjBBYAFBNxBWAYAgsAKgG4grA6RBYAFBFxBWAMyGwAKAKiCsAlUFgAUAlEVcAKovAAoBKIK4AVAWBBQBnQFwBqCoCCwBOg7gCUB0EFgAEQVwBqC4CCwAMEFcAaoLAAoBTEFcAaorAAoCTEFcAzEBgAcAJxBUAsxBYACDiCoC5CCwArkdcATAbgQXA1YgrAKFAYAFwLeIKQKgQWABcibgCEEoEFgDXIa4AhBqBBcBViCsA4UBgAXAN4gpAuBBYAFyBuAIQTgQWgIhHXAEINwILQEQjrgBYgcACELGIKwBWIbAARCTiCoCVXBNYn332mTwej5KSkip8vPHGG1aPBsBkxBUAq0VbPUC4FBQU6PLLL9e6deusHgVACGVmZmrixImSiCsA1rH9FawHHnhAmzdvrvF5duzYoeTkZBMmAmBXeXl5xBUAW7B9YG3ZskVt27bVNddco5ycHBUXF1frPAUFBWrcuLHJ0wGwi8zMTOXk5EgirgBYz/ZPES5dulT79u3T4sWL9eyzz2r06NG6/fbbdffdd6tly5aVPs+OHTsUFRWl1NRUffnll6pfv76GDRumwYMHG96/uLi4Qsx5vV5Jks/nk8/nq9k3dULZecw6XyRhN8bYi7GTnxbMyMhQeno6OzqBx4wx9hJcKHbjxj1H+f1+v9VDVMU//vEPDRw4UP/+97/1+9//XqNGjVLfvn3P+HV33XWXdu/eraysLDVp0kTr169X7969NWnSJN1zzz0B98/IyNDkyZMDjufm5iouLs6U7wVAzeXl5ZVfuUpLS1OfPn0sngjAqYqKitS/f38dPHhQCQkJVo8TFo4IrMOHD+v111/XggULtH79eqWlpenuu+/W119/rUcffVQ9evTQ9OnTq3zev/zlL3rjjTe0du3agNuMrmAlJyersLDQtAeHz+dTfn6+UlJS5PF4TDlnpGA3xthLRadeuWrXrh27OQWPGWPsJbhQ7Mbr9SoxMdFVgWX7pwgHDRqk119/XRdccIHuvfdeLVmypPz/OG3bttVll12mjh07njGw/H6/oqKiKhw7fvx4wLEyMTExiomJCTju8XhM/8cYinNGCnZjjL2UvhXDyS9oT09P14oVK9hNEOzFGHsJzszduHHHtg+s//u//9PixYt1/fXXG97eokULffvtt2c8T69evXTJJZdoypQpiouL0/r16zVr1iw9/vjjZo8MIMSM3ufKja/xAGBftg+s5cuXn/b2qKgoNWzY8IznmTNnjh588EG1aNFCR48e1TnnnKOJEydq0KBBZo0KIAx4E1EATmD7wDJLo0aNlJ2dbfUYAGqAuALgFLZ/HywAkIgrAM5CYAGwPeIKgNMQWABsjbgC4EQEFgDbIq4AOBWBBcCWiCsATkZgAbAd4gqA0xFYAGyFuAIQCQgsALZBXAGIFAQWAFsgrgBEEgILgOWIKwCRhsACYCniCkAkIrAAWIa4AhCpCCwAliCuAEQyAgtA2BFXACIdgQUgrIgrAG5AYAEIG+IKgFsQWADCgrgC4CYEFoCQI64AuA2BBSCkiCsAbkRgAQgZ4gqAWxFYAEKCuALgZgQWANMRVwDcjsACYCriCgAILAAmIq4AoBSBBcAUxBUA/IrAAlBjxBUAVERgAagR4goAAhFYAKqNuAIAYwQWgGohrgAgOAILQJURVwBwegQWgCohrgDgzAgsAJVGXAFA5RBYACqFuAKAyiOwAJwRcQUAVUNgATgt4goAqo7AAhAUcQUA1UNgATBEXAFA9RFYAAIQVwBQMwQWgAqIKwCoOQILQDniCgDMQWABkERcAYCZCCwAxBUAmIzAAlyOuAIA8xFYgIsRVwAQGgQW4FLEFQCEDoEFuBBxBQChRWABLkNcAUDoEViAixBXABAeBBbgEsQVAIQPgQW4AHEFAOFFYAERjrgCgPAjsIAIRlwBgDUILCBCEVcAYB0CC4hAxBUAWIvAAiIMcQUA1iOwgAhCXAGAPRBYQIQgrgDAPggsIAIQVwBgLwQW4HDEFQDYjysDq6CgQOeee64GDhxo9ShAjRBXAGBPrgssv9+vAQMGKCkpyepRgBohrgDAvlwXWDNmzJDH49HNN99s9ShAtWVmZhJXAGBjrgqsL7/8UpmZmZo9e7bVowDVlpeXp4kTJ0oirgDArqKtHiBcjhw5orS0NGVmZqpZs2ZnvH9xcbGKi4vLP/d6vZIkn88nn89nykxl5zHrfJGE3RibNm2acnJyJElTpkxReno6OzqBx4wx9mKMvQQXit24cc9Rfr/fb/UQ4TBq1Cht27ZNb731liQpIyNDP/zwgxYsWGB4/4yMDE2ePDngeG5uruLi4kI5KmAoLy+vPK7S0tLUp08fiycCgMopKipS//79dfDgQSUkJFg9Tli44grWu+++q8WLF2vjxo2V/poJEybogQceKP/c6/UqOTlZ3bt3N+3B4fP5lJ+fr5SUFHk8HlPOGSnYTUWZmZkV4mru3Lns5RQ8ZoyxF2PsJbhQ7KbsWSA3cUVgrVixQrt371aDBg0CbsvOzlZ+fr6uvfbaCsdjYmIUExMTcH+Px2P6P8ZQnDNSsJvSpwXLXnM1ZcoUtWnThr2cBrsxxl6MsZfgzNyNG3fsihe5P/XUU/L7/RU+Jk2apAEDBsjv9wfEFWAXp74Vw/jx4y2eCABQGa4ILMCJeJ8rAHAuVzxFaCQjI8PqEYCgiCsAcDauYAE2Q1wBgPMRWICNEFcAEBkILMAmiCsAiBwEFmADxBUARBYCC7AYcQUAkYfAAixEXAFAZCKwAIsQVwAQuQgswALEFQBENgILCDPiCgAiH4EFhBFxBQDuQGABYUJcAYB7EFhAGBBXAOAuBBYQYsQVALgPgQWEEHEFAO5EYAEhQlwBgHsRWEAIEFcA4G4EFmAy4goAQGABJiKuAAASgQWYhrgCAJQhsAATEFcAgJMRWEANEVcAgFMRWEANEFcAACMEFlBNxBUAIBgCC6gG4goAcDoEFlBFxBUA4EwILKAKiCsAQGUQWEAlEVcAgMoisIBKIK4AAFVBYAFnQFwBAKqKwAJOg7gCAFQHgQUEQVwBAKqLwAIMEFcAgJogsIBTEFcAgJoisICTEFcAADMQWMAJxBUAwCwEFiDiCgBgLgILrkdcAQDMRmDB1YgrAEAoEFhwLeIKABAqBBZcibgCAIQSgQXXIa4AAKFGYMFViCsAQDgQWHAN4goAEC4EFlyBuAIAhBOBhYhHXAEAwo3AQkQjrgAAViCwELGIKwCAVQgsRCTiCgBgJQILEYe4AgBYjcBCRCGuAAB2QGAhYhBXAAC7ILAQEYgrAICdEFhwPOIKAGA3BBYcjbgCANgRgQXHIq4AAHZFYMGRiCsAgJ0RWHAc4goAYHcEFhyFuAIAOAGBBccgrgAATkFgwRGIKwCAk7gmsLxer4YPH64LL7xQycnJuvzyy7VkyRKrx0IlEFcAAKeJtnqAcOnXr58aNGigTZs2qU6dOlq1apV69eqlpKQkdezY0erxEERmZqYmTpwoibgCADiHawJr4cKFio+PV0xMjCSpW7duat68uT7++GMCy6by8vKUk5MjibgCADiLawIrMTGx/M9HjhxRdna2vv32W1199dUWToVgMjMziSsAgGO5JrDKJCcna8eOHWrbtq1ee+01tW/f3vB+xcXFKi4uLv/c6/VKknw+n3w+nymzlJ3HrPNFipOfFszIyFB6ejo7OoHHTHDsxhh7McZeggvFbty45yi/3++3eohwO3DggJ588kl9/fXXys7O1tlnnx1wn4yMDE2ePDngeG5uruLi4sIxpiud/LRgWlqa+vTpY/FEAICaKioqUv/+/XXw4EElJCRYPU5YuDKwylx55ZXq3bu3/vznPwfcZnQFKzk5WYWFhaY9OHw+n/Lz85WSkiKPx2PKOZ3s1CtX7dq1Yzen4DETHLsxxl6MsZfgQrEbr9erxMREVwWWK54iLCkp0YoVK3TjjTdWOJ6YmKhdu3YZfk1MTEz5C+JP5vF4TP/HGIpzOs20adMq/LRgenq6VqxYwW6CYC/BsRtj7MUYewnOzN24cceueB+sPXv2aMiQIZo8eXL5VamVK1dq5cqV6tmzp8XTgfe5AgBEGldcwWrQoIHWrl2r8ePHq1mzZvL7/WrQoIEWLFiglJQUq8dzNeIKABCJXBFYktSkSRO98sorVo+BkxBXAIBI5YqnCGE/xBUAIJIRWAg74goAEOkILIQVcQUAcAMCC2FDXAEA3ILAQlgQVwAANyGwEHLEFQDAbQgshBRxBQBwIwILIUNcAQDcisBCSBBXAAA3I7BgOuIKAOB2BBZMRVwBAEBgwUTEFQAApQgsmIK4AgDgVwQWaoy4AgCgIgILNUJcAQAQiMBCtRFXAAAYI7BQLcQVAADBEVioMuIKAIDTI7BQJcQVAABnRmCh0ogrAAAqh8BCpRBXAABUHoGFMyKuAACoGgILp0VcAQBQdQQWgiKuAACoHgILhogrAACqj8BCAOIKAICaIbBQAXEFAEDNEVgoR1wBAGAOAguSiCsAAMxEYIG4AgDAZASWyxFXAACYj8ByMeIKAIDQILBcirgCACB0CCwXIq4AAAgtAstliCsAAEKPwHIR4goAgPAgsFyCuAIAIHwILBcgrgAACC8CK8IRVwAAhB+BFcGIKwAArEFgRSjiCgAA6xBYEYi4AgDAWgRWhCGuAACwHoEVQYgrAADsgcCKEMQVAAD2QWBFAOIKAAB7IbAcjrgCAMB+CCwHI64AALAnAsuhiCsAAOyLwHIg4goAAHsjsByGuAIAwP4ILAchrgAAcAYCyyGIKwAAnIPAcgDiCgAAZyGwbI64AgDAeQgsGyOuAABwJgLLpogrAACci8CyIeIKAABnI7BshrgCAMD5XBVY8+bNU6tWrdSoUSO1bNlSc+fOtW6YTZukZ54p/fOqVVJJCXEFAECEiLZ6gHBZuHChMjIy9M4776hVq1b65ptv1LVrV8XHx+u2224L3yD790v9+0vvvCPVqSMtWiSlpmraWWfpof37JRFXAAA4nWuuYK1du1ZPPPGEWrVqJUlq2bKl0tLSlJeXF74hjh+XbrhBys//9XNJmT7fr3E1dixxBQCAw7nmCtZf//rXgGMbN25Uw4YNwzfEihXSunUVDuXl5Snn2DFJ0tRatfTg0aPhmwcAAISEawLrZD6fTw888IDWrFmjNWvWGN6nuLhYxcXF5Z97vd7yr/X5fNX7i197rfRpwRNXrqZJysnJkSRNiY5WuscjX16eNH169c4fQcp2XO1dRyj2Ehy7McZejLGX4EKxGzfuOcrv9/utHiKctm/frr59+8rr9erll19W27ZtDe+XkZGhyZMnBxzPzc1VXFxcjefYs2ePRo4cqeLiYqWlpalPnz41PicAAHZUVFSk/v376+DBg0pISLB6nLBwVWBt2LBBPXr00B133KGpU6cqJiYm6H2NrmAlJyersLCw+g+OsWOl+fOlE08JroqO1ss336zZy5bJc/hw6X2aNJG+/LJ6548gPp9P+fn5SklJkcfjsXoc22AvwbEbY+zFGHsJLhS78Xq9SkxMdFVgueYpwu3bt6tHjx7Kysqq1NWimJgYwwDzeDzVf8DddZf09NPln3aLjdWR1FR5Xn21NLBq1ZIGDZL4x16uRvuOYOwlOHZjjL0YYy/BmbkbN+7YNT9FOGzYMA0fPtzap+LatZNGjza+rXbt0tvvvTeMAwEAgFBwzRWst99+Wxs2bNDzzz8fcFtBQUH4BnnySalpUykzUzpwoPRYbGzp1a3HH5fOPjt8swAAgJBwTWDZ5qVmUVHSqFHSiBHSxo3Stm3Sli1SvXpWTwYAAEzimqcIbad2benEm56qTh1rZwEAAKYisAAAAExGYAEAAJiMwAIAADAZgQUAAGAyAgsAAMBkBBYAAIDJCCwAAACTEVgAAAAmI7AAAABMRmABAACYjMACAAAwGYEFAABgsmirB3AKv98vSfJ6vaad0+fzqaioSF6vVx6Px7TzRgJ2Y4y9BMdujLEXY+wluFDspuy/nWX/LXUDAquSDh06JElKTk62eBIAAJzp0KFDOuecc6weIyyi/G7KyRooKSnRzp07FR8fr6ioKFPO6fV6lZycrB9//FEJCQmmnDNSsBtj7CU4dmOMvRhjL8GFYjd+v1+HDh1Sw4YNVauWO16dxBWsSqpVq5aSkpJCcu6EhAT+gQfBboyxl+DYjTH2Yoy9BGf2btxy5aqMOzISAAAgjAgsAAAAkxFYFoqJidGkSZMUExNj9Si2w26MsZfg2I0x9mKMvQTHbszBi9wBAABMxhUsAAAAkxFYAAAAJiOwAAAATEZgWaCkpERr167VmDFjdO6552rBggVWj2Qb8+bNU6tWrdSoUSO1bNlSc+fOtXokW/B6vRo+fLguvPBCJScn6/LLL9eSJUusHst2CgoKdO6552rgwIFWj2ILn332mTwej5KSkip8vPHGG1aPZqmtW7eqd+/eatSokS644AL169dPu3btsnosSxUUFAQ8TpKSkhQbG6sbbrjB6vEciTcatcD8+fM1Z84cde/eXbVr17Z6HNtYuHChMjIy9M4776hVq1b65ptv1LVrV8XHx+u2226zejxL9evXTw0aNNCmTZtUp04drVq1Sr169VJSUpI6duxo9Xi24Pf7NWDAgJC9IbATFRQU6PLLL9e6deusHsU2Dhw4oK5du+rhhx/Wm2++qSNHjmjo0KF6+umn9fjjj1s9nmWSkpJUUFBQ4diBAwd00UUXacyYMRZN5WwElgUGDx6swYMHS5IWLVpk8TT2sXbtWj3xxBNq1aqVJKlly5ZKS0tTXl6e6wNr4cKFio+PL/+x6W7duql58+b6+OOPCawTZsyYIY/Ho5tvvlk//PCD1ePYwo4dO/j9qaeYOXOmWrdurSFDhkiSYmNjlZ2dzf+zayAzM1OdOnXStddea/UojkRgwTb++te/BhzbuHGjGjZsaME09pKYmFj+5yNHjig7O1vffvutrr76agunso8vv/xSmZmZ+uSTT/TSSy9ZPY5tFBQUqHHjxlaPYStLly7V3XffXeEYcRVo165deuaZZ7R27VqrR3EsXoMFW/L5fLrvvvu0Zs0ajR071upxbCM5OVlxcXF67rnn9Nprr6l9+/ZWj2S5I0eOKC0tTZmZmWrWrJnV49jKjh07tH//fqWmpqpZs2bq0KGD5s2bZ/VYlvrXv/6lunXraujQoWratKlat26txx57TMeOHbN6NFuZOXOmunbtqtatW1s9imNxBQu2s337dvXt21der1cfffSRLr30UqtHso0ff/xRBw4c0JNPPqns7Gx169ZNZ599ttVjWWrcuHG66KKLyp/ywa+ioqK0e/duZWVlqUmTJlq/fr169+6tY8eO6Z577rF6PEscP35cjz32mGbPnq25c+fqu+++0y233KL9+/drxowZVo9nCwcOHNBzzz2npUuXWj2Ko3EFC7ayYcMGdejQQVdddZU+//xztW3b1uqRbKdu3bqaMmWKdu7cqaysLKvHsdS7776rxYsX6/nnn7d6FFuaP3++li9frqZNmyoqKkodOnTQ/fffr/nz51s9mmUaN26su+++W507d1ZUVJRatGihRx55hKeWT7Jo0SIlJiaqc+fOVo/iaFzBgm1s375dPXr0UFZWlvr06WP1OLZRUlKiFStW6MYbb6xwPDEx0fU/Wr5ixQrt3r1bDRo0CLgtOztb+fn5rn6Brt/vV1RUVIVjx48fDzjmJldffbWKi4sDjvN79341b9483XHHHa5+nJiBK1iwjWHDhmn48OHE1Sn27NmjIUOGaPLkyeX/YVi5cqVWrlypnj17WjydtZ566in5/f4KH5MmTdKAAQPk9/tdHVeS1KtXL40dO1ZFRUWSpPXr12vWrFkaOnSoxZNZZ/z48Zo1a5ZWr14tSdq2bZumTJmiQYMGWTyZPWzevFlffPGF6/+3xQxcwYJtvP3229qwYYPh0z2nvj+LmzRo0EBr167V+PHj1axZM/n9fjVo0EALFixQSkqK1ePBxubMmaMHH3xQLVq00NGjR3XOOedo4sSJro6J5s2bKzc3V+PGjdPWrVsVHx+vgQMHasKECVaPZgvLly9X3bp1+QEaE0T5/X6/1UMAAABEEp4iBAAAMBmBBQAAYDICCwAAwGQEFgAAgMkILAAAAJMRWAAAACYjsAAAAExGYAEAAJiMwAIAADAZgQUAAGAyAguAYz333HNKSkrSgQMHJElbtmxRvXr1tH79emsHA+B6/C5CAI7Wu3dvnXvuuZo3b546d+6sP/7xj0pPT7d6LAAuR2ABcLTCwkK1adNGV155pbxer1auXKmoqCirxwLgctFWDwAANZGYmKiRI0fqoYce0urVq4krALbAFSwAjrZt2zZ17NhRqamp2rBhg/7xj3/I4/FYPRYAl+NF7gAc6/jx4+rfv7+GDx+u2bNnKzY2Vo888ojVYwEAV7AAONcjjzyiZcuW6dNPP5XH49H333+vdu3a6c0331S3bt2sHg+AixFYAAAAJuMpQgAAAJMRWAAAACYjsAAAAExGYAEAAJiMwAIAADAZgQUAAGAyAgsAAMBkBBYAAIDJCCwAAACTEVgAAAAmI7AAAABMRmABAACYjMACAAAwGYEFAABgMgILAADAZAQWAACAyQgsAAAAkxFYAAAAJiOwAAAATEZgAQAAmIzAAgAAMBmBBQAAYDICCwAAwGQEFgAAgMkILAAAAJMRWAAAACYjsAAAAEz2/w5gTXwa4pAcAAAAAElFTkSuQmCC"/><figcaption aria-hidden="true">内分点のグラフ</figcaption></figure><ul><li>赤い点が点 A、青い点が点 B、緑の点が内分点 P です。</li><li>点 P は線分 AB を 3:1 に内分しています。</li></ul>            </div>        </foreignObject>        </svg>        ', 'https://firebasestorage.googleapis.com/v0/b/fairedu-eb4f7.appspot.com/o/segment_12.mp3?alt=media&token=e96ade64-f422-4f82-a334-3da4a2d951de', 'てん エー、てん ビー、ないぶんてん ピ をグラフで示してみましょう。てん ピ はせんぶん エー ビー を 3:1 にないぶんしています。', 'str16'),
('seg17', 'lec11', '{"2点間の距離の公式の説明","",""}', 'seg16', 'seg18', '        <svg xmlns="http://www.w3.org/2000/svg" viewBox="0 0 676 339">        <foreignObject x= "50" y="0" width="90%" height="100%">            <div xmlns="http://www.w3.org/1999/xhtml">            <style>html {color: #1a1a1a;background-color: #fdfdfd;}body {margin: 0 auto;max-width: 36em;padding-left: 50px;padding-right: 50px;padding-top: 50px;padding-bottom: 50px;hyphens: auto;overflow-wrap: break-word;text-rendering: optimizeLegibility;font-kerning: normal;}@media (max-width: 600px) {body {font-size: 0.9em;padding: 12px;}h1 {font-size: 1.8em;}}@media print {html {background-color: white;}body {background-color: transparent;color: black;font-size: 12pt;}p, h2, h3 {orphans: 3;widows: 3;}h2, h3, h4 {page-break-after: avoid;}}p {margin: 1em 0;}a {color: #1a1a1a;}a:visited {color: #1a1a1a;}img {max-width: 100%;}svg {height: auto;max-width: 100%;}h1, h2, h3, h4, h5, h6 {margin-top: 1.4em;}h5, h6 {font-size: 1em;font-style: italic;}h6 {font-weight: normal;}ol, ul {padding-left: 1.7em;margin-top: 1em;}li > ol, li > ul {margin-top: 0;}blockquote {margin: 1em 0 1em 1.7em;padding-left: 1em;border-left: 2px solid #e6e6e6;color: #606060;}code {font-family: Menlo, Monaco, Consolas, ''Lucida Console'', monospace;font-size: 85%;margin: 0;hyphens: manual;}pre {margin: 1em 0;overflow: auto;}pre code {padding: 0;overflow: visible;overflow-wrap: normal;}.sourceCode {background-color: transparent;overflow: visible;}hr {background-color: #1a1a1a;border: none;height: 1px;margin: 1em 0;}table {margin: 1em 0;border-collapse: collapse;width: 100%;overflow-x: auto;display: block;font-variant-numeric: lining-nums tabular-nums;}table caption {margin-bottom: 0.75em;}tbody {margin-top: 0.5em;border-top: 1px solid #1a1a1a;border-bottom: 1px solid #1a1a1a;}th {border-top: 1px solid #1a1a1a;padding: 0.25em 0.5em 0.25em 0.5em;}td {padding: 0.125em 0.5em 0.25em 0.5em;}header {margin-bottom: 4em;text-align: center;}#TOC li {list-style: none;}#TOC ul {padding-left: 1.3em;}#TOC > ul {padding-left: 0;}#TOC a:not(:hover) {text-decoration: none;}code{white-space: pre-wrap;}span.smallcaps{font-variant: small-caps;}div.columns{display: flex; gap: min(4vw, 1.5em);}div.column{flex: auto; overflow-x: auto;}div.hanging-indent{margin-left: 1.5em; text-indent: -1.5em;}ul.task-list[class]{list-style: none;}ul.task-list li input[type="checkbox"] {font-size: inherit;width: 0.8em;margin: 0 0.8em 0.2em -1.6em;vertical-align: middle;}</style><h2 id="点間の距離と中点">5. 2点間の距離と中点</h2><h3 id="点間の距離">2点間の距離</h3><p>点<math display="inline" xmlns="http://www.w3.org/1998/Math/MathML"><semantics><mrow><mi>A</mi><mrow><mo form="prefix" stretchy="true">(</mo><msub><mi>x</mi><mn>1</mn></msub><mo>,</mo><msub><mi>y</mi><mn>1</mn></msub><mo form="postfix" stretchy="true">)</mo></mrow></mrow><annotation encoding="application/x-tex">A(x_1, y_1)</annotation></semantics></math>と点<math display="inline" xmlns="http://www.w3.org/1998/Math/MathML"><semantics><mrow><mi>B</mi><mrow><mo form="prefix" stretchy="true">(</mo><msub><mi>x</mi><mn>2</mn></msub><mo>,</mo><msub><mi>y</mi><mn>2</mn></msub><mo form="postfix" stretchy="true">)</mo></mrow></mrow><annotation encoding="application/x-tex">B(x_2, y_2)</annotation></semantics></math>の間の距離<math display="inline" xmlns="http://www.w3.org/1998/Math/MathML"><semantics><mi>d</mi><annotation encoding="application/x-tex">d</annotation></semantics></math>は：</p><p><math display="block" xmlns="http://www.w3.org/1998/Math/MathML"><semantics><mrow><mi>d</mi><mo>=</mo><msqrt><mrow><msup><mrow><mo form="prefix" stretchy="true">(</mo><msub><mi>x</mi><mn>2</mn></msub><mo>−</mo><msub><mi>x</mi><mn>1</mn></msub><mo form="postfix" stretchy="true">)</mo></mrow><mn>2</mn></msup><mo>+</mo><msup><mrow><mo form="prefix" stretchy="true">(</mo><msub><mi>y</mi><mn>2</mn></msub><mo>−</mo><msub><mi>y</mi><mn>1</mn></msub><mo form="postfix" stretchy="true">)</mo></mrow><mn>2</mn></msup></mrow></msqrt></mrow><annotation encoding="application/x-tex">d = \sqrt{(x_2 - x_1)^2 + (y_2 - y_1)^2}</annotation></semantics></math></p>            </div>        </foreignObject>        </svg>        ', 'https://firebasestorage.googleapis.com/v0/b/fairedu-eb4f7.appspot.com/o/segment_12.mp3?alt=media&token=e96ade64-f422-4f82-a334-3da4a2d951de', '2点間の距離について学びましょう。点　エー　かっこ　エックス　1　カンマ　ワイ　1　かっこ　と　点　ビー　かっこ　エックス　2　カンマ　ワイ　2　かっこ　の間の距離　でぃー　は、次の式で表されます。でぃー　イコール　ルート　かっこ　エックス　2　マイナス　エックス　1　かける　2　たす　かっこ　ワイ　2　マイナス　ワイ　1　かける　2　かっこ　です。この式を使って、2点間の距離を求めることができます。', 'str17'),
('seg18', 'lec11', '{"例題5の問題","２点間の距離公式の演習",""}', 'seg17', 'seg19', '        <svg xmlns="http://www.w3.org/2000/svg" viewBox="0 0 676 213">        <foreignObject x= "50" y="0" width="90%" height="100%">            <div xmlns="http://www.w3.org/1999/xhtml">            <style>html {color: #1a1a1a;background-color: #fdfdfd;}body {margin: 0 auto;max-width: 36em;padding-left: 50px;padding-right: 50px;padding-top: 50px;padding-bottom: 50px;hyphens: auto;overflow-wrap: break-word;text-rendering: optimizeLegibility;font-kerning: normal;}@media (max-width: 600px) {body {font-size: 0.9em;padding: 12px;}h1 {font-size: 1.8em;}}@media print {html {background-color: white;}body {background-color: transparent;color: black;font-size: 12pt;}p, h2, h3 {orphans: 3;widows: 3;}h2, h3, h4 {page-break-after: avoid;}}p {margin: 1em 0;}a {color: #1a1a1a;}a:visited {color: #1a1a1a;}img {max-width: 100%;}svg {height: auto;max-width: 100%;}h1, h2, h3, h4, h5, h6 {margin-top: 1.4em;}h5, h6 {font-size: 1em;font-style: italic;}h6 {font-weight: normal;}ol, ul {padding-left: 1.7em;margin-top: 1em;}li > ol, li > ul {margin-top: 0;}blockquote {margin: 1em 0 1em 1.7em;padding-left: 1em;border-left: 2px solid #e6e6e6;color: #606060;}code {font-family: Menlo, Monaco, Consolas, ''Lucida Console'', monospace;font-size: 85%;margin: 0;hyphens: manual;}pre {margin: 1em 0;overflow: auto;}pre code {padding: 0;overflow: visible;overflow-wrap: normal;}.sourceCode {background-color: transparent;overflow: visible;}hr {background-color: #1a1a1a;border: none;height: 1px;margin: 1em 0;}table {margin: 1em 0;border-collapse: collapse;width: 100%;overflow-x: auto;display: block;font-variant-numeric: lining-nums tabular-nums;}table caption {margin-bottom: 0.75em;}tbody {margin-top: 0.5em;border-top: 1px solid #1a1a1a;border-bottom: 1px solid #1a1a1a;}th {border-top: 1px solid #1a1a1a;padding: 0.25em 0.5em 0.25em 0.5em;}td {padding: 0.125em 0.5em 0.25em 0.5em;}header {margin-bottom: 4em;text-align: center;}#TOC li {list-style: none;}#TOC ul {padding-left: 1.3em;}#TOC > ul {padding-left: 0;}#TOC a:not(:hover) {text-decoration: none;}code{white-space: pre-wrap;}span.smallcaps{font-variant: small-caps;}div.columns{display: flex; gap: min(4vw, 1.5em);}div.column{flex: auto; overflow-x: auto;}div.hanging-indent{margin-left: 1.5em; text-indent: -1.5em;}ul.task-list[class]{list-style: none;}ul.task-list li input[type="checkbox"] {font-size: inherit;width: 0.8em;margin: 0 0.8em 0.2em -1.6em;vertical-align: middle;}</style><h3 id="例題5">【例題5】</h3><p><strong>点 A(3, 4) と点 B(-1, -2)の距離を求めてください。</strong></p>            </div>        </foreignObject>        </svg>        ', 'https://firebasestorage.googleapis.com/v0/b/fairedu-eb4f7.appspot.com/o/segment_12.mp3?alt=media&token=e96ade64-f422-4f82-a334-3da4a2d951de', 'てん エー　さん　かける　よん　と　てん ビー　マイナス　いち　マイナス　に　の　きょりを　もとめてください。', 'str18'),
('seg19', 'lec11', '{"2点間の距離公式の演習問題解説","",""}', 'seg18', 'seg20', '        <svg xmlns="http://www.w3.org/2000/svg" viewBox="0 0 676 423">        <foreignObject x= "50" y="0" width="90%" height="100%">            <div xmlns="http://www.w3.org/1999/xhtml">            <style>html {color: #1a1a1a;background-color: #fdfdfd;}body {margin: 0 auto;max-width: 36em;padding-left: 50px;padding-right: 50px;padding-top: 50px;padding-bottom: 50px;hyphens: auto;overflow-wrap: break-word;text-rendering: optimizeLegibility;font-kerning: normal;}@media (max-width: 600px) {body {font-size: 0.9em;padding: 12px;}h1 {font-size: 1.8em;}}@media print {html {background-color: white;}body {background-color: transparent;color: black;font-size: 12pt;}p, h2, h3 {orphans: 3;widows: 3;}h2, h3, h4 {page-break-after: avoid;}}p {margin: 1em 0;}.bold-math {    font-weight: bold;}a {color: #1a1a1a;}a:visited {color: #1a1a1a;}img {max-width: 100%;}svg {height: auto;max-width: 100%;}h1, h2, h3, h4, h5, h6 {margin-top: 1.4em;}h5, h6 {font-size: 1em;font-style: italic;}h6 {font-weight: normal;}ol, ul {padding-left: 1.7em;margin-top: 1em;}li > ol, li > ul {margin-top: 0;}blockquote {margin: 1em 0 1em 1.7em;padding-left: 1em;border-left: 2px solid #e6e6e6;color: #606060;}code {font-family: Menlo, Monaco, Consolas, ''Lucida Console'', monospace;font-size: 85%;margin: 0;hyphens: manual;}pre {margin: 1em 0;overflow: auto;}pre code {padding: 0;overflow: visible;overflow-wrap: normal;}.sourceCode {background-color: transparent;overflow: visible;}hr {background-color: #1a1a1a;border: none;height: 1px;margin: 1em 0;}table {margin: 1em 0;border-collapse: collapse;width: 100%;overflow-x: auto;display: block;font-variant-numeric: lining-nums tabular-nums;}table caption {margin-bottom: 0.75em;}tbody {margin-top: 0.5em;border-top: 1px solid #1a1a1a;border-bottom: 1px solid #1a1a1a;}th {border-top: 1px solid #1a1a1a;padding: 0.25em 0.5em 0.25em 0.5em;}td {padding: 0.125em 0.5em 0.25em 0.5em;}header {margin-bottom: 4em;text-align: center;}#TOC li {list-style: none;}#TOC ul {padding-left: 1.3em;}#TOC > ul {padding-left: 0;}#TOC a:not(:hover) {text-decoration: none;}code{white-space: pre-wrap;}span.smallcaps{font-variant: small-caps;}div.columns{display: flex; gap: min(4vw, 1.5em);}div.column{flex: auto; overflow-x: auto;}div.hanging-indent{margin-left: 1.5em; text-indent: -1.5em;}ul.task-list[class]{list-style: none;}ul.task-list li input[type="checkbox"] {font-size: inherit;width: 0.8em;margin: 0 0.8em 0.2em -1.6em;vertical-align: middle;}</style><h4 id="解答">【解答】</h4><ol type="1"><li><p><strong>公式に代入します</strong></p><p><math display="block" xmlns="http://www.w3.org/1998/Math/MathML"><semantics><mrow><mi>d</mi><mo>=</mo><msqrt><mrow><msup><mrow><mo form="prefix" stretchy="true">(</mo><mi>−</mi><mn>1</mn><mo>−</mo><mn>3</mn><mo form="postfix" stretchy="true">)</mo></mrow><mn>2</mn></msup><mo>+</mo><msup><mrow><mo form="prefix" stretchy="true">(</mo><mi>−</mi><mn>2</mn><mo>−</mo><mn>4</mn><mo form="postfix" stretchy="true">)</mo></mrow><mn>2</mn></msup></mrow></msqrt><mo>=</mo><msqrt><mrow><msup><mrow><mo form="prefix" stretchy="true">(</mo><mi>−</mi><mn>4</mn><mo form="postfix" stretchy="true">)</mo></mrow><mn>2</mn></msup><mo>+</mo><msup><mrow><mo form="prefix" stretchy="true">(</mo><mi>−</mi><mn>6</mn><mo form="postfix" stretchy="true">)</mo></mrow><mn>2</mn></msup></mrow></msqrt><mo>=</mo><msqrt><mrow><mn>16</mn><mo>+</mo><mn>36</mn></mrow></msqrt><mo>=</mo><msqrt><mn>52</mn></msqrt></mrow><annotation encoding="application/x-tex">d = \sqrt{(-1 - 3)^2 + (-2 - 4)^2} = \sqrt{(-4)^2 + (-6)^2} = \sqrt{16 + 36} = \sqrt{52}</annotation></semantics></math></p></li><li><p><strong>平方根を簡単にします</strong></p><p><math display="block" xmlns="http://www.w3.org/1998/Math/MathML"><semantics><mrow><msqrt><mn>52</mn></msqrt><mo>=</mo><msqrt><mrow><mn>4</mn><mo>×</mo><mn>13</mn></mrow></msqrt><mo>=</mo><mn>2</mn><msqrt><mn>13</mn></msqrt></mrow><annotation encoding="application/x-tex">\sqrt{52} = \sqrt{4 \times 13} = 2\sqrt{13}</annotation></semantics></math></p></li></ol><h4 id="答え">【答え】</h4><p>距離は<math class="bold-math" display="inline" xmlns="http://www.w3.org/1998/Math/MathML"><semantics><mrow><mn>2</mn><msqrt><mn>13</mn></msqrt></mrow><annotation encoding="application/x-tex">2\sqrt{13}</annotation></semantics></math>です。</p>            </div>        </foreignObject>        </svg>        ', 'https://firebasestorage.googleapis.com/v0/b/fairedu-eb4f7.appspot.com/o/segment_12.mp3?alt=media&token=e96ade64-f422-4f82-a334-3da4a2d951de', '1. こうしきにだいにゅうします。   だ = ルート　かっこ　マイナス　1　マイナス　3　かっこ　2乗　プラス　かっこ　マイナス　2　マイナス　4　かっこ　2乗　かっこ　イコール　ルート　かっこ　マイナス　4　かっこ　2乗　プラス　かっこ　マイナス　6　かっこ　2乗　かっこ　イコール　ルート　16　プラス　36　イコール　ルート　522. へいほうこんをかんたんにします。   ルート　52　イコール　ルート　4　かける　13　イコール　2　かける　ルート　13距離は ** 2　かける　ルート　13 ** です。', 'str19'),
('seg20', 'lec11', '{"中点の座標の説明","",""}', 'seg19', 'seg21', '        <svg xmlns="http://www.w3.org/2000/svg" viewBox="0 0 676 267">        <foreignObject x= "50" y="0" width="90%" height="100%">            <div xmlns="http://www.w3.org/1999/xhtml">            <style>html {color: #1a1a1a;background-color: #fdfdfd;}body {margin: 0 auto;max-width: 36em;padding-left: 50px;padding-right: 50px;padding-top: 50px;padding-bottom: 50px;hyphens: auto;overflow-wrap: break-word;text-rendering: optimizeLegibility;font-kerning: normal;}@media (max-width: 600px) {body {font-size: 0.9em;padding: 12px;}h1 {font-size: 1.8em;}}@media print {html {background-color: white;}body {background-color: transparent;color: black;font-size: 12pt;}p, h2, h3 {orphans: 3;widows: 3;}h2, h3, h4 {page-break-after: avoid;}}p {margin: 1em 0;}a {color: #1a1a1a;}a:visited {color: #1a1a1a;}img {max-width: 100%;}svg {height: auto;max-width: 100%;}h1, h2, h3, h4, h5, h6 {margin-top: 1.4em;}h5, h6 {font-size: 1em;font-style: italic;}h6 {font-weight: normal;}ol, ul {padding-left: 1.7em;margin-top: 1em;}li > ol, li > ul {margin-top: 0;}blockquote {margin: 1em 0 1em 1.7em;padding-left: 1em;border-left: 2px solid #e6e6e6;color: #606060;}code {font-family: Menlo, Monaco, Consolas, ''Lucida Console'', monospace;font-size: 85%;margin: 0;hyphens: manual;}pre {margin: 1em 0;overflow: auto;}pre code {padding: 0;overflow: visible;overflow-wrap: normal;}.sourceCode {background-color: transparent;overflow: visible;}hr {background-color: #1a1a1a;border: none;height: 1px;margin: 1em 0;}table {margin: 1em 0;border-collapse: collapse;width: 100%;overflow-x: auto;display: block;font-variant-numeric: lining-nums tabular-nums;}table caption {margin-bottom: 0.75em;}tbody {margin-top: 0.5em;border-top: 1px solid #1a1a1a;border-bottom: 1px solid #1a1a1a;}th {border-top: 1px solid #1a1a1a;padding: 0.25em 0.5em 0.25em 0.5em;}td {padding: 0.125em 0.5em 0.25em 0.5em;}header {margin-bottom: 4em;text-align: center;}#TOC li {list-style: none;}#TOC ul {padding-left: 1.3em;}#TOC > ul {padding-left: 0;}#TOC a:not(:hover) {text-decoration: none;}code{white-space: pre-wrap;}span.smallcaps{font-variant: small-caps;}div.columns{display: flex; gap: min(4vw, 1.5em);}div.column{flex: auto; overflow-x: auto;}div.hanging-indent{margin-left: 1.5em; text-indent: -1.5em;}ul.task-list[class]{list-style: none;}ul.task-list li input[type="checkbox"] {font-size: inherit;width: 0.8em;margin: 0 0.8em 0.2em -1.6em;vertical-align: middle;}</style><h3 id="線分の中点">線分の中点</h3><p>線分<math display="inline" xmlns="http://www.w3.org/1998/Math/MathML"><semantics><mrow><mi>A</mi><mi>B</mi></mrow><annotation encoding="application/x-tex">AB</annotation></semantics></math>の中点<math display="inline" xmlns="http://www.w3.org/1998/Math/MathML"><semantics><mi>M</mi><annotation encoding="application/x-tex">M</annotation></semantics></math>の座標は：</p><p><math display="block" xmlns="http://www.w3.org/1998/Math/MathML"><semantics><mrow><mi>M</mi><mrow><mo form="prefix" stretchy="true">(</mo><mfrac><mrow><msub><mi>x</mi><mn>1</mn></msub><mo>+</mo><msub><mi>x</mi><mn>2</mn></msub></mrow><mn>2</mn></mfrac><mo>,</mo><mspace width="0.222em"></mspace><mfrac><mrow><msub><mi>y</mi><mn>1</mn></msub><mo>+</mo><msub><mi>y</mi><mn>2</mn></msub></mrow><mn>2</mn></mfrac><mo form="postfix" stretchy="true">)</mo></mrow></mrow><annotation encoding="application/x-tex">M\left( \frac{x_1 + x_2}{2},\ \frac{y_1 + y_2}{2} \right)</annotation></semantics></math></p>            </div>        </foreignObject>        </svg>        ', 'https://firebasestorage.googleapis.com/v0/b/fairedu-eb4f7.appspot.com/o/segment_12.mp3?alt=media&token=e96ade64-f422-4f82-a334-3da4a2d951de', 'せんぶん　エー　ビー　の　ちゅうてん　エム　の　ざひょうは：エム　かっこ　　かっこ　　エックスワン　たす　エックスツー　わる　2　かっこ　、 かっこ　　ワイワン　たす　ワイツー　わる　2　かっこ　です。', 'str20'),
('seg21', 'lec11', '{"例題6の演習問題","中点の座標の練習問題",""}', 'seg20', 'seg22', '        <svg xmlns="http://www.w3.org/2000/svg" viewBox="0 0 676 213">        <foreignObject x= "50" y="0" width="90%" height="100%">            <div xmlns="http://www.w3.org/1999/xhtml">            <style>html {color: #1a1a1a;background-color: #fdfdfd;}body {margin: 0 auto;max-width: 36em;padding-left: 50px;padding-right: 50px;padding-top: 50px;padding-bottom: 50px;hyphens: auto;overflow-wrap: break-word;text-rendering: optimizeLegibility;font-kerning: normal;}@media (max-width: 600px) {body {font-size: 0.9em;padding: 12px;}h1 {font-size: 1.8em;}}@media print {html {background-color: white;}body {background-color: transparent;color: black;font-size: 12pt;}p, h2, h3 {orphans: 3;widows: 3;}h2, h3, h4 {page-break-after: avoid;}}p {margin: 1em 0;}a {color: #1a1a1a;}a:visited {color: #1a1a1a;}img {max-width: 100%;}svg {height: auto;max-width: 100%;}h1, h2, h3, h4, h5, h6 {margin-top: 1.4em;}h5, h6 {font-size: 1em;font-style: italic;}h6 {font-weight: normal;}ol, ul {padding-left: 1.7em;margin-top: 1em;}li > ol, li > ul {margin-top: 0;}blockquote {margin: 1em 0 1em 1.7em;padding-left: 1em;border-left: 2px solid #e6e6e6;color: #606060;}code {font-family: Menlo, Monaco, Consolas, ''Lucida Console'', monospace;font-size: 85%;margin: 0;hyphens: manual;}pre {margin: 1em 0;overflow: auto;}pre code {padding: 0;overflow: visible;overflow-wrap: normal;}.sourceCode {background-color: transparent;overflow: visible;}hr {background-color: #1a1a1a;border: none;height: 1px;margin: 1em 0;}table {margin: 1em 0;border-collapse: collapse;width: 100%;overflow-x: auto;display: block;font-variant-numeric: lining-nums tabular-nums;}table caption {margin-bottom: 0.75em;}tbody {margin-top: 0.5em;border-top: 1px solid #1a1a1a;border-bottom: 1px solid #1a1a1a;}th {border-top: 1px solid #1a1a1a;padding: 0.25em 0.5em 0.25em 0.5em;}td {padding: 0.125em 0.5em 0.25em 0.5em;}header {margin-bottom: 4em;text-align: center;}#TOC li {list-style: none;}#TOC ul {padding-left: 1.3em;}#TOC > ul {padding-left: 0;}#TOC a:not(:hover) {text-decoration: none;}code{white-space: pre-wrap;}span.smallcaps{font-variant: small-caps;}div.columns{display: flex; gap: min(4vw, 1.5em);}div.column{flex: auto; overflow-x: auto;}div.hanging-indent{margin-left: 1.5em; text-indent: -1.5em;}ul.task-list[class]{list-style: none;}ul.task-list li input[type="checkbox"] {font-size: inherit;width: 0.8em;margin: 0 0.8em 0.2em -1.6em;vertical-align: middle;}</style><h3 id="例題6">【例題6】</h3><p><strong>点 A(-2, 5) と点 B(6, -3) の中点<math display="inline" xmlns="http://www.w3.org/1998/Math/MathML"><semantics><mi>M</mi><annotation encoding="application/x-tex">M</annotation></semantics></math>の座標を求めてください。</strong></p>            </div>        </foreignObject>        </svg>        ', 'https://firebasestorage.googleapis.com/v0/b/fairedu-eb4f7.appspot.com/o/segment_12.mp3?alt=media&token=e96ade64-f422-4f82-a334-3da4a2d951de', '次の例題を解いてみましょう！てん エー　マイナス　2　カンマ　5　と　てん ビー　6　カンマ　マイナス　3　の　ちゅうてん　エム　の　ざひょう　を　もとめてください。', 'str21'),
('seg22', 'lec11', '{"例題6の演習問題の解説","",""}', 'seg21', 'seg23', '        <svg xmlns="http://www.w3.org/2000/svg" viewBox="0 0 676 394">        <foreignObject x= "50" y="0" width="90%" height="100%">            <div xmlns="http://www.w3.org/1999/xhtml">            <style>html {color: #1a1a1a;background-color: #fdfdfd;}body {margin: 0 auto;max-width: 36em;padding-left: 50px;padding-right: 50px;padding-top: 50px;padding-bottom: 50px;hyphens: auto;overflow-wrap: break-word;text-rendering: optimizeLegibility;font-kerning: normal;}@media (max-width: 600px) {body {font-size: 0.9em;padding: 12px;}h1 {font-size: 1.8em;}}@media print {html {background-color: white;}body {background-color: transparent;color: black;font-size: 12pt;}p, h2, h3 {orphans: 3;widows: 3;}h2, h3, h4 {page-break-after: avoid;}}p {margin: 1em 0;}.bold-math {    font-weight: bold;}a {color: #1a1a1a;}a:visited {color: #1a1a1a;}img {max-width: 100%;}svg {height: auto;max-width: 100%;}h1, h2, h3, h4, h5, h6 {margin-top: 1.4em;}h5, h6 {font-size: 1em;font-style: italic;}h6 {font-weight: normal;}ol, ul {padding-left: 1.7em;margin-top: 1em;}li > ol, li > ul {margin-top: 0;}blockquote {margin: 1em 0 1em 1.7em;padding-left: 1em;border-left: 2px solid #e6e6e6;color: #606060;}code {font-family: Menlo, Monaco, Consolas, ''Lucida Console'', monospace;font-size: 85%;margin: 0;hyphens: manual;}pre {margin: 1em 0;overflow: auto;}pre code {padding: 0;overflow: visible;overflow-wrap: normal;}.sourceCode {background-color: transparent;overflow: visible;}hr {background-color: #1a1a1a;border: none;height: 1px;margin: 1em 0;}table {margin: 1em 0;border-collapse: collapse;width: 100%;overflow-x: auto;display: block;font-variant-numeric: lining-nums tabular-nums;}table caption {margin-bottom: 0.75em;}tbody {margin-top: 0.5em;border-top: 1px solid #1a1a1a;border-bottom: 1px solid #1a1a1a;}th {border-top: 1px solid #1a1a1a;padding: 0.25em 0.5em 0.25em 0.5em;}td {padding: 0.125em 0.5em 0.25em 0.5em;}header {margin-bottom: 4em;text-align: center;}#TOC li {list-style: none;}#TOC ul {padding-left: 1.3em;}#TOC > ul {padding-left: 0;}#TOC a:not(:hover) {text-decoration: none;}code{white-space: pre-wrap;}span.smallcaps{font-variant: small-caps;}div.columns{display: flex; gap: min(4vw, 1.5em);}div.column{flex: auto; overflow-x: auto;}div.hanging-indent{margin-left: 1.5em; text-indent: -1.5em;}ul.task-list[class]{list-style: none;}ul.task-list li input[type="checkbox"] {font-size: inherit;width: 0.8em;margin: 0 0.8em 0.2em -1.6em;vertical-align: middle;}</style><h4 id="解答">【解答】</h4><ol type="1"><li><p><strong>公式に代入します</strong></p><p><math display="block" xmlns="http://www.w3.org/1998/Math/MathML"><semantics><mrow><mi>x</mi><mo>=</mo><mfrac><mrow><mi>−</mi><mn>2</mn><mo>+</mo><mn>6</mn></mrow><mn>2</mn></mfrac><mo>=</mo><mfrac><mn>4</mn><mn>2</mn></mfrac><mo>=</mo><mn>2</mn></mrow><annotation encoding="application/x-tex">x = \frac{-2 + 6}{2} = \frac{4}{2} = 2</annotation></semantics></math></p><p><math display="block" xmlns="http://www.w3.org/1998/Math/MathML"><semantics><mrow><mi>y</mi><mo>=</mo><mfrac><mrow><mn>5</mn><mo>+</mo><mrow><mo form="prefix" stretchy="true">(</mo><mi>−</mi><mn>3</mn><mo form="postfix" stretchy="true">)</mo></mrow></mrow><mn>2</mn></mfrac><mo>=</mo><mfrac><mn>2</mn><mn>2</mn></mfrac><mo>=</mo><mn>1</mn></mrow><annotation encoding="application/x-tex">y = \frac{5 + (-3)}{2} = \frac{2}{2} = 1</annotation></semantics></math></p></li></ol><h4 id="答え">【答え】</h4><p>中点<math display="inline" xmlns="http://www.w3.org/1998/Math/MathML"><semantics><mi>M</mi><annotation encoding="application/x-tex">M</annotation></semantics></math>の座標は<math class="bold-math" display="inline" xmlns="http://www.w3.org/1998/Math/MathML"><semantics><mrow><mo form="prefix" stretchy="true">(</mo><mn>2</mn><mo>,</mo><mspace width="0.222em"></mspace><mn>1</mn><mo form="postfix" stretchy="true">)</mo></mrow><annotation encoding="application/x-tex">(2,\ 1)</annotation></semantics></math>です。</p>            </div>        </foreignObject>        </svg>        ', 'https://firebasestorage.googleapis.com/v0/b/fairedu-eb4f7.appspot.com/o/segment_12.mp3?alt=media&token=e96ade64-f422-4f82-a334-3da4a2d951de', '1. こうしきにだいにゅうします。   エックス　イコール　マイナス　2　たす　6　わる　2　イコール　4　わる　2　イコール　2   ワイ　イコール　5　たす　マイナス　3　わる　2　イコール　2　わる　2　イコール　1これを計算してみると、#### こたえちゅうてん　M　のざひょうは　(2, 1)　です。', 'str22'),
('seg23', 'lec11', '{"","",""}', 'seg22', 'seg24', '        <svg xmlns="http://www.w3.org/2000/svg" viewBox="0 0 676 307">        <foreignObject x= "50" y="0" width="90%" height="100%">            <div xmlns="http://www.w3.org/1999/xhtml">            <style>html {color: #1a1a1a;background-color: #fdfdfd;}body {margin: 0 auto;max-width: 36em;padding-left: 50px;padding-right: 50px;padding-top: 50px;padding-bottom: 50px;hyphens: auto;overflow-wrap: break-word;text-rendering: optimizeLegibility;font-kerning: normal;}@media (max-width: 600px) {body {font-size: 0.9em;padding: 12px;}h1 {font-size: 1.8em;}}@media print {html {background-color: white;}body {background-color: transparent;color: black;font-size: 12pt;}p, h2, h3 {orphans: 3;widows: 3;}h2, h3, h4 {page-break-after: avoid;}}p {margin: 1em 0;}a {color: #1a1a1a;}a:visited {color: #1a1a1a;}img {max-width: 100%;}svg {height: auto;max-width: 100%;}h1, h2, h3, h4, h5, h6 {margin-top: 1.4em;}h5, h6 {font-size: 1em;font-style: italic;}h6 {font-weight: normal;}ol, ul {padding-left: 1.7em;margin-top: 1em;}li > ol, li > ul {margin-top: 0;}blockquote {margin: 1em 0 1em 1.7em;padding-left: 1em;border-left: 2px solid #e6e6e6;color: #606060;}code {font-family: Menlo, Monaco, Consolas, ''Lucida Console'', monospace;font-size: 85%;margin: 0;hyphens: manual;}pre {margin: 1em 0;overflow: auto;}pre code {padding: 0;overflow: visible;overflow-wrap: normal;}.sourceCode {background-color: transparent;overflow: visible;}hr {background-color: #1a1a1a;border: none;height: 1px;margin: 1em 0;}table {margin: 1em 0;border-collapse: collapse;width: 100%;overflow-x: auto;display: block;font-variant-numeric: lining-nums tabular-nums;}table caption {margin-bottom: 0.75em;}tbody {margin-top: 0.5em;border-top: 1px solid #1a1a1a;border-bottom: 1px solid #1a1a1a;}th {border-top: 1px solid #1a1a1a;padding: 0.25em 0.5em 0.25em 0.5em;}td {padding: 0.125em 0.5em 0.25em 0.5em;}header {margin-bottom: 4em;text-align: center;}#TOC li {list-style: none;}#TOC ul {padding-left: 1.3em;}#TOC > ul {padding-left: 0;}#TOC a:not(:hover) {text-decoration: none;}code{white-space: pre-wrap;}span.smallcaps{font-variant: small-caps;}div.columns{display: flex; gap: min(4vw, 1.5em);}div.column{flex: auto; overflow-x: auto;}div.hanging-indent{margin-left: 1.5em; text-indent: -1.5em;}ul.task-list[class]{list-style: none;}ul.task-list li input[type="checkbox"] {font-size: inherit;width: 0.8em;margin: 0 0.8em 0.2em -1.6em;vertical-align: middle;}</style><h2 id="発展的な問題">6. 発展的な問題</h2><h3 id="発展例題1">【発展例題1】</h3><p><strong>放物線<math display="inline" xmlns="http://www.w3.org/1998/Math/MathML"><semantics><mrow><mi>y</mi><mo>=</mo><msup><mi>x</mi><mn>2</mn></msup><mo>−</mo><mn>4</mn><mi>x</mi><mo>+</mo><mn>3</mn></mrow><annotation encoding="application/x-tex">y = x^2 - 4x + 3</annotation></semantics></math>上に点<math display="inline" xmlns="http://www.w3.org/1998/Math/MathML"><semantics><mi>P</mi><annotation encoding="application/x-tex">P</annotation></semantics></math>があり、その接線が点<math display="inline" xmlns="http://www.w3.org/1998/Math/MathML"><semantics><mrow><mi>Q</mi><mrow><mo form="prefix" stretchy="true">(</mo><mn>5</mn><mo>,</mo><mn>4</mn><mo form="postfix" stretchy="true">)</mo></mrow></mrow><annotation encoding="application/x-tex">Q(5, 4)</annotation></semantics></math>を通るとします。点<math display="inline" xmlns="http://www.w3.org/1998/Math/MathML"><semantics><mi>P</mi><annotation encoding="application/x-tex">P</annotation></semantics></math>の座標を求めてください。</strong></p>            </div>        </foreignObject>        </svg>        ', 'https://firebasestorage.googleapis.com/v0/b/fairedu-eb4f7.appspot.com/o/segment_12.mp3?alt=media&token=e96ade64-f422-4f82-a334-3da4a2d951de', '次の問題を解いてみましょう！放物線　ワイ　イコール　エックス　2乗　マイナス　4　かける　エックス　プラス　3　上に点　ピー　があり、その接線が点　キュー　5　カンマ　4　を通るとします。点　ピー　の座標を求めてください。', 'str23'),
('seg24', 'lec11', '{"","",""}', 'seg23', 'seg25', '        <svg xmlns="http://www.w3.org/2000/svg" viewBox="0 0 676 443">        <foreignObject x= "50" y="0" width="90%" height="100%">            <div xmlns="http://www.w3.org/1999/xhtml">            <style>html {color: #1a1a1a;background-color: #fdfdfd;}body {margin: 0 auto;max-width: 36em;padding-left: 50px;padding-right: 50px;padding-top: 50px;padding-bottom: 50px;hyphens: auto;overflow-wrap: break-word;text-rendering: optimizeLegibility;font-kerning: normal;}@media (max-width: 600px) {body {font-size: 0.9em;padding: 12px;}h1 {font-size: 1.8em;}}@media print {html {background-color: white;}body {background-color: transparent;color: black;font-size: 12pt;}p, h2, h3 {orphans: 3;widows: 3;}h2, h3, h4 {page-break-after: avoid;}}p {margin: 1em 0;}a {color: #1a1a1a;}a:visited {color: #1a1a1a;}img {max-width: 100%;}svg {height: auto;max-width: 100%;}h1, h2, h3, h4, h5, h6 {margin-top: 1.4em;}h5, h6 {font-size: 1em;font-style: italic;}h6 {font-weight: normal;}ol, ul {padding-left: 1.7em;margin-top: 1em;}li > ol, li > ul {margin-top: 0;}blockquote {margin: 1em 0 1em 1.7em;padding-left: 1em;border-left: 2px solid #e6e6e6;color: #606060;}code {font-family: Menlo, Monaco, Consolas, ''Lucida Console'', monospace;font-size: 85%;margin: 0;hyphens: manual;}pre {margin: 1em 0;overflow: auto;}pre code {padding: 0;overflow: visible;overflow-wrap: normal;}.sourceCode {background-color: transparent;overflow: visible;}hr {background-color: #1a1a1a;border: none;height: 1px;margin: 1em 0;}table {margin: 1em 0;border-collapse: collapse;width: 100%;overflow-x: auto;display: block;font-variant-numeric: lining-nums tabular-nums;}table caption {margin-bottom: 0.75em;}tbody {margin-top: 0.5em;border-top: 1px solid #1a1a1a;border-bottom: 1px solid #1a1a1a;}th {border-top: 1px solid #1a1a1a;padding: 0.25em 0.5em 0.25em 0.5em;}td {padding: 0.125em 0.5em 0.25em 0.5em;}header {margin-bottom: 4em;text-align: center;}#TOC li {list-style: none;}#TOC ul {padding-left: 1.3em;}#TOC > ul {padding-left: 0;}#TOC a:not(:hover) {text-decoration: none;}code{white-space: pre-wrap;}span.smallcaps{font-variant: small-caps;}div.columns{display: flex; gap: min(4vw, 1.5em);}div.column{flex: auto; overflow-x: auto;}div.hanging-indent{margin-left: 1.5em; text-indent: -1.5em;}ul.task-list[class]{list-style: none;}ul.task-list li input[type="checkbox"] {font-size: inherit;width: 0.8em;margin: 0 0.8em 0.2em -1.6em;vertical-align: middle;}</style><h4 id="解答">【解答】</h4><ol type="1"><li><p><strong>放物線上の一般点を設定します</strong></p><p>点<math display="inline" xmlns="http://www.w3.org/1998/Math/MathML"><semantics><mrow><mi>P</mi><mrow><mo form="prefix" stretchy="true">(</mo><mi>t</mi><mo>,</mo><mspace width="0.222em"></mspace><msup><mi>t</mi><mn>2</mn></msup><mo>−</mo><mn>4</mn><mi>t</mi><mo>+</mo><mn>3</mn><mo form="postfix" stretchy="true">)</mo></mrow></mrow><annotation encoding="application/x-tex">P(t,\ t^2 - 4t + 3)</annotation></semantics></math></p></li><li><p><strong>放物線の接線の式を求めます</strong></p><p>放物線の微分係数は：</p><p><math display="block" xmlns="http://www.w3.org/1998/Math/MathML"><semantics><mrow><mfrac><mrow><mi>d</mi><mi>y</mi></mrow><mrow><mi>d</mi><mi>x</mi></mrow></mfrac><mo>=</mo><mn>2</mn><mi>x</mi><mo>−</mo><mn>4</mn></mrow><annotation encoding="application/x-tex">\frac{dy}{dx} = 2x - 4</annotation></semantics></math></p><p>よって、点<math display="inline" xmlns="http://www.w3.org/1998/Math/MathML"><semantics><mi>P</mi><annotation encoding="application/x-tex">P</annotation></semantics></math>における接線の傾きは：</p><p><math display="block" xmlns="http://www.w3.org/1998/Math/MathML"><semantics><mrow><mi>m</mi><mo>=</mo><mn>2</mn><mi>t</mi><mo>−</mo><mn>4</mn></mrow><annotation encoding="application/x-tex">m = 2t - 4</annotation></semantics></math></p></li></ol>            </div>        </foreignObject>        </svg>        ', 'https://firebasestorage.googleapis.com/v0/b/fairedu-eb4f7.appspot.com/o/segment_12.mp3?alt=media&token=e96ade64-f422-4f82-a334-3da4a2d951de', '1. ほうぶつせんじょうのいっぱんてんをせっていします。   てん　ピー　かっこ　てぃー　カンマ　てぃー　2じょう　マイナス　4かける　てぃー　プラス　3　かっこ　です。2. ほうぶつせんのせっせんのしきをもとめます。   ほうぶつせんのびぶんけいすうは：         ディーワイ割るディーエックス　イコール　2　かける　エックス　マイナス　4　です。   よって、てん　ピー　におけるせっせんのかたむきは：   わ　えむ　イコール　2　かける　ティー　マイナス　4　です。', 'str24'),
('seg25', 'lec11', '{"","",""}', 'seg24', 'seg26', '        <svg xmlns="http://www.w3.org/2000/svg" viewBox="0 0 676 266">        <foreignObject x= "50" y="0" width="90%" height="100%">            <div xmlns="http://www.w3.org/1999/xhtml">            <style>html {color: #1a1a1a;background-color: #fdfdfd;}body {margin: 0 auto;max-width: 36em;padding-left: 50px;padding-right: 50px;padding-top: 50px;padding-bottom: 50px;hyphens: auto;overflow-wrap: break-word;text-rendering: optimizeLegibility;font-kerning: normal;}@media (max-width: 600px) {body {font-size: 0.9em;padding: 12px;}h1 {font-size: 1.8em;}}@media print {html {background-color: white;}body {background-color: transparent;color: black;font-size: 12pt;}p, h2, h3 {orphans: 3;widows: 3;}h2, h3, h4 {page-break-after: avoid;}}p {margin: 1em 0;}a {color: #1a1a1a;}a:visited {color: #1a1a1a;}img {max-width: 100%;}svg {height: auto;max-width: 100%;}h1, h2, h3, h4, h5, h6 {margin-top: 1.4em;}h5, h6 {font-size: 1em;font-style: italic;}h6 {font-weight: normal;}ol, ul {padding-left: 1.7em;margin-top: 1em;}li > ol, li > ul {margin-top: 0;}blockquote {margin: 1em 0 1em 1.7em;padding-left: 1em;border-left: 2px solid #e6e6e6;color: #606060;}code {font-family: Menlo, Monaco, Consolas, ''Lucida Console'', monospace;font-size: 85%;margin: 0;hyphens: manual;}pre {margin: 1em 0;overflow: auto;}pre code {padding: 0;overflow: visible;overflow-wrap: normal;}.sourceCode {background-color: transparent;overflow: visible;}hr {background-color: #1a1a1a;border: none;height: 1px;margin: 1em 0;}table {margin: 1em 0;border-collapse: collapse;width: 100%;overflow-x: auto;display: block;font-variant-numeric: lining-nums tabular-nums;}table caption {margin-bottom: 0.75em;}tbody {margin-top: 0.5em;border-top: 1px solid #1a1a1a;border-bottom: 1px solid #1a1a1a;}th {border-top: 1px solid #1a1a1a;padding: 0.25em 0.5em 0.25em 0.5em;}td {padding: 0.125em 0.5em 0.25em 0.5em;}header {margin-bottom: 4em;text-align: center;}#TOC li {list-style: none;}#TOC ul {padding-left: 1.3em;}#TOC > ul {padding-left: 0;}#TOC a:not(:hover) {text-decoration: none;}code{white-space: pre-wrap;}span.smallcaps{font-variant: small-caps;}div.columns{display: flex; gap: min(4vw, 1.5em);}div.column{flex: auto; overflow-x: auto;}div.hanging-indent{margin-left: 1.5em; text-indent: -1.5em;}ul.task-list[class]{list-style: none;}ul.task-list li input[type="checkbox"] {font-size: inherit;width: 0.8em;margin: 0 0.8em 0.2em -1.6em;vertical-align: middle;}</style><ol start="3" type="1"><li><p><strong>接線の方程式</strong></p><p><math display="block" xmlns="http://www.w3.org/1998/Math/MathML"><semantics><mrow><mi>y</mi><mo>−</mo><mrow><mo form="prefix" stretchy="true">(</mo><msup><mi>t</mi><mn>2</mn></msup><mo>−</mo><mn>4</mn><mi>t</mi><mo>+</mo><mn>3</mn><mo form="postfix" stretchy="true">)</mo></mrow><mo>=</mo><mi>m</mi><mrow><mo form="prefix" stretchy="true">(</mo><mi>x</mi><mo>−</mo><mi>t</mi><mo form="postfix" stretchy="true">)</mo></mrow></mrow><annotation encoding="application/x-tex">y - (t^2 - 4t + 3) = m(x - t)</annotation></semantics></math></p></li><li><p><strong>接線が点<math display="inline" xmlns="http://www.w3.org/1998/Math/MathML"><semantics><mrow><mi>Q</mi><mrow><mo form="prefix" stretchy="true">(</mo><mn>5</mn><mo>,</mo><mn>4</mn><mo form="postfix" stretchy="true">)</mo></mrow></mrow><annotation encoding="application/x-tex">Q(5, 4)</annotation></semantics></math>を通るので、代入します</strong></p><p><math display="block" xmlns="http://www.w3.org/1998/Math/MathML"><semantics><mrow><mn>4</mn><mo>−</mo><mrow><mo form="prefix" stretchy="true">(</mo><msup><mi>t</mi><mn>2</mn></msup><mo>−</mo><mn>4</mn><mi>t</mi><mo>+</mo><mn>3</mn><mo form="postfix" stretchy="true">)</mo></mrow><mo>=</mo><mrow><mo form="prefix" stretchy="true">(</mo><mn>2</mn><mi>t</mi><mo>−</mo><mn>4</mn><mo form="postfix" stretchy="true">)</mo></mrow><mrow><mo form="prefix" stretchy="true">(</mo><mn>5</mn><mo>−</mo><mi>t</mi><mo form="postfix" stretchy="true">)</mo></mrow></mrow><annotation encoding="application/x-tex">4 - (t^2 - 4t + 3) = (2t - 4)(5 - t)</annotation></semantics></math></p></li></ol>            </div>        </foreignObject>        </svg>        ', 'https://firebasestorage.googleapis.com/v0/b/fairedu-eb4f7.appspot.com/o/segment_12.mp3?alt=media&token=e96ade64-f422-4f82-a334-3da4a2d951de', '接線の方程式は、ワイ　マイナス　かっこ　てぃー　2乗　マイナス　4　かける　てぃー　プラス　3　かっこ　イコール　エム　かっこ　エックス　マイナス　てぃー　です。接線が点　てん　キュー　かっこ　5　カンマ　4　を通るので、代入します。4　マイナス　かっこ　てぃー　2乗　マイナス　4　かける　てぃー　プラス　3　かっこ　イコール　かっこ　2　かける　てぃー　マイナス　4　かっこ　5　マイナス　てぃー　です。', 'str25'),
('seg26', 'lec11', '{"","",""}', 'seg25', 'seg27', '        <svg xmlns="http://www.w3.org/2000/svg" viewBox="0 0 676 299">        <foreignObject x= "50" y="0" width="90%" height="100%">            <div xmlns="http://www.w3.org/1999/xhtml">            <style>html {color: #1a1a1a;background-color: #fdfdfd;}body {margin: 0 auto;max-width: 36em;padding-left: 50px;padding-right: 50px;padding-top: 50px;padding-bottom: 50px;hyphens: auto;overflow-wrap: break-word;text-rendering: optimizeLegibility;font-kerning: normal;}@media (max-width: 600px) {body {font-size: 0.9em;padding: 12px;}h1 {font-size: 1.8em;}}@media print {html {background-color: white;}body {background-color: transparent;color: black;font-size: 12pt;}p, h2, h3 {orphans: 3;widows: 3;}h2, h3, h4 {page-break-after: avoid;}}p {margin: 1em 0;}a {color: #1a1a1a;}a:visited {color: #1a1a1a;}img {max-width: 100%;}svg {height: auto;max-width: 100%;}h1, h2, h3, h4, h5, h6 {margin-top: 1.4em;}h5, h6 {font-size: 1em;font-style: italic;}h6 {font-weight: normal;}ol, ul {padding-left: 1.7em;margin-top: 1em;}li > ol, li > ul {margin-top: 0;}blockquote {margin: 1em 0 1em 1.7em;padding-left: 1em;border-left: 2px solid #e6e6e6;color: #606060;}code {font-family: Menlo, Monaco, Consolas, ''Lucida Console'', monospace;font-size: 85%;margin: 0;hyphens: manual;}pre {margin: 1em 0;overflow: auto;}pre code {padding: 0;overflow: visible;overflow-wrap: normal;}.sourceCode {background-color: transparent;overflow: visible;}hr {background-color: #1a1a1a;border: none;height: 1px;margin: 1em 0;}table {margin: 1em 0;border-collapse: collapse;width: 100%;overflow-x: auto;display: block;font-variant-numeric: lining-nums tabular-nums;}table caption {margin-bottom: 0.75em;}tbody {margin-top: 0.5em;border-top: 1px solid #1a1a1a;border-bottom: 1px solid #1a1a1a;}th {border-top: 1px solid #1a1a1a;padding: 0.25em 0.5em 0.25em 0.5em;}td {padding: 0.125em 0.5em 0.25em 0.5em;}header {margin-bottom: 4em;text-align: center;}#TOC li {list-style: none;}#TOC ul {padding-left: 1.3em;}#TOC > ul {padding-left: 0;}#TOC a:not(:hover) {text-decoration: none;}code{white-space: pre-wrap;}span.smallcaps{font-variant: small-caps;}div.columns{display: flex; gap: min(4vw, 1.5em);}div.column{flex: auto; overflow-x: auto;}div.hanging-indent{margin-left: 1.5em; text-indent: -1.5em;}ul.task-list[class]{list-style: none;}ul.task-list li input[type="checkbox"] {font-size: inherit;width: 0.8em;margin: 0 0.8em 0.2em -1.6em;vertical-align: middle;}</style><ol start="5" type="1"><li><p><strong>方程式を整理します</strong></p><p>左辺：</p><p><math display="block" xmlns="http://www.w3.org/1998/Math/MathML"><semantics><mrow><mn>4</mn><mo>−</mo><msup><mi>t</mi><mn>2</mn></msup><mo>+</mo><mn>4</mn><mi>t</mi><mo>−</mo><mn>3</mn><mo>=</mo><mi>−</mi><msup><mi>t</mi><mn>2</mn></msup><mo>+</mo><mn>4</mn><mi>t</mi><mo>+</mo><mn>1</mn></mrow><annotation encoding="application/x-tex">4 - t^2 + 4t - 3 = -t^2 + 4t + 1</annotation></semantics></math></p><p>右辺：</p><p><math display="block" xmlns="http://www.w3.org/1998/Math/MathML"><semantics><mrow><mrow><mo form="prefix" stretchy="true">(</mo><mn>2</mn><mi>t</mi><mo>−</mo><mn>4</mn><mo form="postfix" stretchy="true">)</mo></mrow><mrow><mo form="prefix" stretchy="true">(</mo><mn>5</mn><mo>−</mo><mi>t</mi><mo form="postfix" stretchy="true">)</mo></mrow><mo>=</mo><mi>−</mi><mn>2</mn><msup><mi>t</mi><mn>2</mn></msup><mo>+</mo><mn>14</mn><mi>t</mi><mo>−</mo><mn>20</mn></mrow><annotation encoding="application/x-tex">(2t - 4)(5 - t) = -2t^2 + 14t - 20</annotation></semantics></math></p></li></ol>            </div>        </foreignObject>        </svg>        ', 'https://firebasestorage.googleapis.com/v0/b/fairedu-eb4f7.appspot.com/o/segment_12.mp3?alt=media&token=e96ade64-f422-4f82-a334-3da4a2d951de', '5. 方程式を整理します。左辺はよん　マイナス　てぃー　2乗　プラス　よん　かける　てぃー　マイナス　さん　イコール　マイナス　てぃー　2乗　プラス　よん　かける　てぃー　プラス　いち右辺はかっこ　に　てぃー　マイナス　よん　かっこ　かける　ご　マイナス　てぃー　イコール　マイナス　に　てぃー　2乗　プラス　じゅう　よん　かける　てぃー　マイナス　にじゅう', 'str26'),
('seg27', 'lec11', '{"","",""}', 'seg26', 'seg28', '        <svg xmlns="http://www.w3.org/2000/svg" viewBox="0 0 676 256">        <foreignObject x= "50" y="0" width="90%" height="100%">            <div xmlns="http://www.w3.org/1999/xhtml">            <style>html {color: #1a1a1a;background-color: #fdfdfd;}body {margin: 0 auto;max-width: 36em;padding-left: 50px;padding-right: 50px;padding-top: 50px;padding-bottom: 50px;hyphens: auto;overflow-wrap: break-word;text-rendering: optimizeLegibility;font-kerning: normal;}@media (max-width: 600px) {body {font-size: 0.9em;padding: 12px;}h1 {font-size: 1.8em;}}@media print {html {background-color: white;}body {background-color: transparent;color: black;font-size: 12pt;}p, h2, h3 {orphans: 3;widows: 3;}h2, h3, h4 {page-break-after: avoid;}}p {margin: 1em 0;}a {color: #1a1a1a;}a:visited {color: #1a1a1a;}img {max-width: 100%;}svg {height: auto;max-width: 100%;}h1, h2, h3, h4, h5, h6 {margin-top: 1.4em;}h5, h6 {font-size: 1em;font-style: italic;}h6 {font-weight: normal;}ol, ul {padding-left: 1.7em;margin-top: 1em;}li > ol, li > ul {margin-top: 0;}blockquote {margin: 1em 0 1em 1.7em;padding-left: 1em;border-left: 2px solid #e6e6e6;color: #606060;}code {font-family: Menlo, Monaco, Consolas, ''Lucida Console'', monospace;font-size: 85%;margin: 0;hyphens: manual;}pre {margin: 1em 0;overflow: auto;}pre code {padding: 0;overflow: visible;overflow-wrap: normal;}.sourceCode {background-color: transparent;overflow: visible;}hr {background-color: #1a1a1a;border: none;height: 1px;margin: 1em 0;}table {margin: 1em 0;border-collapse: collapse;width: 100%;overflow-x: auto;display: block;font-variant-numeric: lining-nums tabular-nums;}table caption {margin-bottom: 0.75em;}tbody {margin-top: 0.5em;border-top: 1px solid #1a1a1a;border-bottom: 1px solid #1a1a1a;}th {border-top: 1px solid #1a1a1a;padding: 0.25em 0.5em 0.25em 0.5em;}td {padding: 0.125em 0.5em 0.25em 0.5em;}header {margin-bottom: 4em;text-align: center;}#TOC li {list-style: none;}#TOC ul {padding-left: 1.3em;}#TOC > ul {padding-left: 0;}#TOC a:not(:hover) {text-decoration: none;}code{white-space: pre-wrap;}span.smallcaps{font-variant: small-caps;}div.columns{display: flex; gap: min(4vw, 1.5em);}div.column{flex: auto; overflow-x: auto;}div.hanging-indent{margin-left: 1.5em; text-indent: -1.5em;}ul.task-list[class]{list-style: none;}ul.task-list li input[type="checkbox"] {font-size: inherit;width: 0.8em;margin: 0 0.8em 0.2em -1.6em;vertical-align: middle;}</style><ol start="6" type="1"><li><p><strong>方程式をまとめます</strong></p><p><math display="block" xmlns="http://www.w3.org/1998/Math/MathML"><semantics><mrow><mi>−</mi><msup><mi>t</mi><mn>2</mn></msup><mo>+</mo><mn>4</mn><mi>t</mi><mo>+</mo><mn>1</mn><mo>=</mo><mi>−</mi><mn>2</mn><msup><mi>t</mi><mn>2</mn></msup><mo>+</mo><mn>14</mn><mi>t</mi><mo>−</mo><mn>20</mn></mrow><annotation encoding="application/x-tex">-t^2 + 4t + 1 = -2t^2 + 14t - 20</annotation></semantics></math></p><p>両辺を整理すると、</p><p><math display="block" xmlns="http://www.w3.org/1998/Math/MathML"><semantics><mrow><msup><mi>t</mi><mn>2</mn></msup><mo>−</mo><mn>10</mn><mi>t</mi><mo>+</mo><mn>21</mn><mo>=</mo><mn>0</mn></mrow><annotation encoding="application/x-tex">t^2 - 10t + 21 = 0</annotation></semantics></math></p></li></ol>            </div>        </foreignObject>        </svg>        ', 'https://firebasestorage.googleapis.com/v0/b/fairedu-eb4f7.appspot.com/o/segment_12.mp3?alt=media&token=e96ade64-f422-4f82-a334-3da4a2d951de', '方程式をまとめます。マイナス　てぃー　2乗　たす　4　かける　てぃー　たす　1　イコール　マイナス　2　かける　てぃー　2乗　たす　14　かける　てぃー　マイナス　20両辺を整理すると、てぃー　2乗　マイナス　10　かける　てぃー　たす　21　イコール　0', 'str27'),
('seg28', 'lec11', '{"","",""}', 'seg27', 'seg29', '        <svg xmlns="http://www.w3.org/2000/svg" viewBox="0 0 676 411">        <foreignObject x= "50" y="0" width="90%" height="100%">            <div xmlns="http://www.w3.org/1999/xhtml">            <style>html {color: #1a1a1a;background-color: #fdfdfd;}body {margin: 0 auto;max-width: 36em;padding-left: 50px;padding-right: 50px;padding-top: 50px;padding-bottom: 50px;hyphens: auto;overflow-wrap: break-word;text-rendering: optimizeLegibility;font-kerning: normal;}@media (max-width: 600px) {body {font-size: 0.9em;padding: 12px;}h1 {font-size: 1.8em;}}@media print {html {background-color: white;}body {background-color: transparent;color: black;font-size: 12pt;}p, h2, h3 {orphans: 3;widows: 3;}h2, h3, h4 {page-break-after: avoid;}}p {margin: 1em 0;}a {color: #1a1a1a;}a:visited {color: #1a1a1a;}img {max-width: 100%;}svg {height: auto;max-width: 100%;}h1, h2, h3, h4, h5, h6 {margin-top: 1.4em;}h5, h6 {font-size: 1em;font-style: italic;}h6 {font-weight: normal;}ol, ul {padding-left: 1.7em;margin-top: 1em;}li > ol, li > ul {margin-top: 0;}blockquote {margin: 1em 0 1em 1.7em;padding-left: 1em;border-left: 2px solid #e6e6e6;color: #606060;}code {font-family: Menlo, Monaco, Consolas, ''Lucida Console'', monospace;font-size: 85%;margin: 0;hyphens: manual;}pre {margin: 1em 0;overflow: auto;}pre code {padding: 0;overflow: visible;overflow-wrap: normal;}.sourceCode {background-color: transparent;overflow: visible;}hr {background-color: #1a1a1a;border: none;height: 1px;margin: 1em 0;}table {margin: 1em 0;border-collapse: collapse;width: 100%;overflow-x: auto;display: block;font-variant-numeric: lining-nums tabular-nums;}table caption {margin-bottom: 0.75em;}tbody {margin-top: 0.5em;border-top: 1px solid #1a1a1a;border-bottom: 1px solid #1a1a1a;}th {border-top: 1px solid #1a1a1a;padding: 0.25em 0.5em 0.25em 0.5em;}td {padding: 0.125em 0.5em 0.25em 0.5em;}header {margin-bottom: 4em;text-align: center;}#TOC li {list-style: none;}#TOC ul {padding-left: 1.3em;}#TOC > ul {padding-left: 0;}#TOC a:not(:hover) {text-decoration: none;}code{white-space: pre-wrap;}span.smallcaps{font-variant: small-caps;}div.columns{display: flex; gap: min(4vw, 1.5em);}div.column{flex: auto; overflow-x: auto;}div.hanging-indent{margin-left: 1.5em; text-indent: -1.5em;}ul.task-list[class]{list-style: none;}ul.task-list li input[type="checkbox"] {font-size: inherit;width: 0.8em;margin: 0 0.8em 0.2em -1.6em;vertical-align: middle;}</style><ol start="7" type="1"><li><p><strong>解を求めます</strong></p><p>二次方程式<math display="inline" xmlns="http://www.w3.org/1998/Math/MathML"><semantics><mrow><msup><mi>t</mi><mn>2</mn></msup><mo>−</mo><mn>10</mn><mi>t</mi><mo>+</mo><mn>21</mn><mo>=</mo><mn>0</mn></mrow><annotation encoding="application/x-tex">t^2 - 10t + 21 = 0</annotation></semantics></math></p><p>解の公式より、</p><p><math display="block" xmlns="http://www.w3.org/1998/Math/MathML"><semantics><mrow><mi>t</mi><mo>=</mo><mfrac><mrow><mn>10</mn><mo>±</mo><msqrt><mrow><msup><mrow><mo form="prefix" stretchy="true">(</mo><mi>−</mi><mn>10</mn><mo form="postfix" stretchy="true">)</mo></mrow><mn>2</mn></msup><mo>−</mo><mn>4</mn><mo>×</mo><mn>1</mn><mo>×</mo><mn>21</mn></mrow></msqrt></mrow><mn>2</mn></mfrac><mo>=</mo><mfrac><mrow><mn>10</mn><mo>±</mo><msqrt><mn>16</mn></msqrt></mrow><mn>2</mn></mfrac></mrow><annotation encoding="application/x-tex">t = \frac{10 \pm \sqrt{(-10)^2 - 4 \times 1 \times 21}}{2} = \frac{10 \pm \sqrt{16}}{2}</annotation></semantics></math></p><p>よって、</p><ul><li><math display="inline" xmlns="http://www.w3.org/1998/Math/MathML"><semantics><mrow><mi>t</mi><mo>=</mo><mfrac><mrow><mn>10</mn><mo>+</mo><mn>4</mn></mrow><mn>2</mn></mfrac><mo>=</mo><mn>7</mn></mrow><annotation encoding="application/x-tex">t = \frac{10 + 4}{2} = 7</annotation></semantics></math></li><li><math display="inline" xmlns="http://www.w3.org/1998/Math/MathML"><semantics><mrow><mi>t</mi><mo>=</mo><mfrac><mrow><mn>10</mn><mo>−</mo><mn>4</mn></mrow><mn>2</mn></mfrac><mo>=</mo><mn>3</mn></mrow><annotation encoding="application/x-tex">t = \frac{10 - 4}{2} = 3</annotation></semantics></math></li></ul></li></ol>            </div>        </foreignObject>        </svg>        ', 'https://firebasestorage.googleapis.com/v0/b/fairedu-eb4f7.appspot.com/o/segment_12.mp3?alt=media&token=e96ade64-f422-4f82-a334-3da4a2d951de', '二次方程式 てぃー 2乗 マイナス 10 かける てぃー プラス 21 イコール 0解の公式より、てぃー イコール 10 プラス マイナス ルート かっこ マイナス 10 かっこ 2乗 マイナス 4 かける 1 かける 21 わる 2よって、- てぃー イコール 10 プラス 4 わる 2 イコール 7- てぃー イコール 10 マイナス 4 わる 2 イコール 3', 'str28'),
('seg29', 'lec11', '{"","",""}', 'seg28', 'seg30', '        <svg xmlns="http://www.w3.org/2000/svg" viewBox="0 0 676 475">        <foreignObject x= "50" y="0" width="90%" height="100%">            <div xmlns="http://www.w3.org/1999/xhtml">            <style>html {color: #1a1a1a;background-color: #fdfdfd;}body {margin: 0 auto;max-width: 36em;padding-left: 50px;padding-right: 50px;padding-top: 50px;padding-bottom: 50px;hyphens: auto;overflow-wrap: break-word;text-rendering: optimizeLegibility;font-kerning: normal;}@media (max-width: 600px) {body {font-size: 0.9em;padding: 12px;}h1 {font-size: 1.8em;}}@media print {html {background-color: white;}body {background-color: transparent;color: black;font-size: 12pt;}p, h2, h3 {orphans: 3;widows: 3;}h2, h3, h4 {page-break-after: avoid;}}p {margin: 1em 0;}.bold-math {    font-weight: bold;}a {color: #1a1a1a;}a:visited {color: #1a1a1a;}img {max-width: 100%;}svg {height: auto;max-width: 100%;}h1, h2, h3, h4, h5, h6 {margin-top: 1.4em;}h5, h6 {font-size: 1em;font-style: italic;}h6 {font-weight: normal;}ol, ul {padding-left: 1.7em;margin-top: 1em;}li > ol, li > ul {margin-top: 0;}blockquote {margin: 1em 0 1em 1.7em;padding-left: 1em;border-left: 2px solid #e6e6e6;color: #606060;}code {font-family: Menlo, Monaco, Consolas, ''Lucida Console'', monospace;font-size: 85%;margin: 0;hyphens: manual;}pre {margin: 1em 0;overflow: auto;}pre code {padding: 0;overflow: visible;overflow-wrap: normal;}.sourceCode {background-color: transparent;overflow: visible;}hr {background-color: #1a1a1a;border: none;height: 1px;margin: 1em 0;}table {margin: 1em 0;border-collapse: collapse;width: 100%;overflow-x: auto;display: block;font-variant-numeric: lining-nums tabular-nums;}table caption {margin-bottom: 0.75em;}tbody {margin-top: 0.5em;border-top: 1px solid #1a1a1a;border-bottom: 1px solid #1a1a1a;}th {border-top: 1px solid #1a1a1a;padding: 0.25em 0.5em 0.25em 0.5em;}td {padding: 0.125em 0.5em 0.25em 0.5em;}header {margin-bottom: 4em;text-align: center;}#TOC li {list-style: none;}#TOC ul {padding-left: 1.3em;}#TOC > ul {padding-left: 0;}#TOC a:not(:hover) {text-decoration: none;}code{white-space: pre-wrap;}span.smallcaps{font-variant: small-caps;}div.columns{display: flex; gap: min(4vw, 1.5em);}div.column{flex: auto; overflow-x: auto;}div.hanging-indent{margin-left: 1.5em; text-indent: -1.5em;}ul.task-list[class]{list-style: none;}ul.task-list li input[type="checkbox"] {font-size: inherit;width: 0.8em;margin: 0 0.8em 0.2em -1.6em;vertical-align: middle;}</style><ol start="8" type="1"><li><p><strong>点<math display="inline" xmlns="http://www.w3.org/1998/Math/MathML"><semantics><mi>P</mi><annotation encoding="application/x-tex">P</annotation></semantics></math>の座標を求めます</strong></p><ul><li><math display="inline" xmlns="http://www.w3.org/1998/Math/MathML"><semantics><mrow><mi>t</mi><mo>=</mo><mn>7</mn></mrow><annotation encoding="application/x-tex">t = 7</annotation></semantics></math>のとき：</li></ul><p><math display="block" xmlns="http://www.w3.org/1998/Math/MathML"><semantics><mrow><mi>x</mi><mo>=</mo><mn>7</mn><mo>,</mo><mspace width="0.222em"></mspace><mi>y</mi><mo>=</mo><msup><mn>7</mn><mn>2</mn></msup><mo>−</mo><mn>4</mn><mo>×</mo><mn>7</mn><mo>+</mo><mn>3</mn><mo>=</mo><mn>49</mn><mo>−</mo><mn>28</mn><mo>+</mo><mn>3</mn><mo>=</mo><mn>24</mn></mrow><annotation encoding="application/x-tex">  x = 7,\ y = 7^2 - 4 \times 7 + 3 = 49 - 28 + 3 = 24  </annotation></semantics></math></p><p>点<math display="inline" xmlns="http://www.w3.org/1998/Math/MathML"><semantics><mrow><mi>P</mi><mrow><mo form="prefix" stretchy="true">(</mo><mn>7</mn><mo>,</mo><mspace width="0.222em"></mspace><mn>24</mn><mo form="postfix" stretchy="true">)</mo></mrow></mrow><annotation encoding="application/x-tex">P(7,\ 24)</annotation></semantics></math></p><ul><li><math display="inline" xmlns="http://www.w3.org/1998/Math/MathML"><semantics><mrow><mi>t</mi><mo>=</mo><mn>3</mn></mrow><annotation encoding="application/x-tex">t = 3</annotation></semantics></math>のとき：</li></ul><p><math display="block" xmlns="http://www.w3.org/1998/Math/MathML"><semantics><mrow><mi>x</mi><mo>=</mo><mn>3</mn><mo>,</mo><mspace width="0.222em"></mspace><mi>y</mi><mo>=</mo><msup><mn>3</mn><mn>2</mn></msup><mo>−</mo><mn>4</mn><mo>×</mo><mn>3</mn><mo>+</mo><mn>3</mn><mo>=</mo><mn>9</mn><mo>−</mo><mn>12</mn><mo>+</mo><mn>3</mn><mo>=</mo><mn>0</mn></mrow><annotation encoding="application/x-tex">  x = 3,\ y = 3^2 - 4 \times 3 + 3 = 9 - 12 + 3 = 0  </annotation></semantics></math></p><p>点<math display="inline" xmlns="http://www.w3.org/1998/Math/MathML"><semantics><mrow><mi>P</mi><mrow><mo form="prefix" stretchy="true">(</mo><mn>3</mn><mo>,</mo><mspace width="0.222em"></mspace><mn>0</mn><mo form="postfix" stretchy="true">)</mo></mrow></mrow><annotation encoding="application/x-tex">P(3,\ 0)</annotation></semantics></math></p></li></ol><h4 id="答え">【答え】</h4><p>点<math display="inline" xmlns="http://www.w3.org/1998/Math/MathML"><semantics><mi>P</mi><annotation encoding="application/x-tex">P</annotation></semantics></math>の座標は<math class="bold-math" display="inline" xmlns="http://www.w3.org/1998/Math/MathML"><semantics><mrow><mo form="prefix" stretchy="true">(</mo><mn>7</mn><mo>,</mo><mspace width="0.222em"></mspace><mn>24</mn><mo form="postfix" stretchy="true">)</mo></mrow><annotation encoding="application/x-tex">(7,\ 24)</annotation></semantics></math>または<math class="bold-math" display="inline" xmlns="http://www.w3.org/1998/Math/MathML"><semantics><mrow><mo form="prefix" stretchy="true">(</mo><mn>3</mn><mo>,</mo><mspace width="0.222em"></mspace><mn>0</mn><mo form="postfix" stretchy="true">)</mo></mrow><annotation encoding="application/x-tex">(3,\ 0)</annotation></semantics></math>です。</p>            </div>        </foreignObject>        </svg>        ', 'https://firebasestorage.googleapis.com/v0/b/fairedu-eb4f7.appspot.com/o/segment_12.mp3?alt=media&token=e96ade64-f422-4f82-a334-3da4a2d951de', 'てん　ピー　のざひょうをもとめます。- てぃー　イコール　７　のとき：  エックス　イコール　7、ワイ　イコール　7　2乗　マイナス　4　かける　7　プラス　3　イコール　49　マイナス　28　プラス　3　イコール　24  てん　ピー　は　7、24　となります。- てぃー　イコール　３　のとき：  エックス　イコール　3、ワイ　イコール　3　2乗　マイナス　4　かける　3　プラス　3　イコール　9　マイナス　12　プラス　3　イコール　0  てん　ピー　3、0てん　ピー　のざひょうは  (7、24)  または  (3、0) です。', 'str29'),
('seg30', 'lec11', '{"","",""}', 'seg29', NULL, '        <svg xmlns="http://www.w3.org/2000/svg" viewBox="0 0 676 470">        <foreignObject x= "50" y="0" width="90%" height="100%">            <div xmlns="http://www.w3.org/1999/xhtml">            <style>html {color: #1a1a1a;background-color: #fdfdfd;}body {margin: 0 auto;max-width: 36em;padding-left: 50px;padding-right: 50px;padding-top: 50px;padding-bottom: 50px;hyphens: auto;overflow-wrap: break-word;text-rendering: optimizeLegibility;font-kerning: normal;}@media (max-width: 600px) {body {font-size: 0.9em;padding: 12px;}h1 {font-size: 1.8em;}}@media print {html {background-color: white;}body {background-color: transparent;color: black;font-size: 12pt;}p, h2, h3 {orphans: 3;widows: 3;}h2, h3, h4 {page-break-after: avoid;}}p {margin: 1em 0;}a {color: #1a1a1a;}a:visited {color: #1a1a1a;}img {max-width: 100%;}svg {height: auto;max-width: 100%;}h1, h2, h3, h4, h5, h6 {margin-top: 1.4em;}h5, h6 {font-size: 1em;font-style: italic;}h6 {font-weight: normal;}ol, ul {padding-left: 1.7em;margin-top: 1em;}li > ol, li > ul {margin-top: 0;}blockquote {margin: 1em 0 1em 1.7em;padding-left: 1em;border-left: 2px solid #e6e6e6;color: #606060;}code {font-family: Menlo, Monaco, Consolas, ''Lucida Console'', monospace;font-size: 85%;margin: 0;hyphens: manual;}pre {margin: 1em 0;overflow: auto;}pre code {padding: 0;overflow: visible;overflow-wrap: normal;}.sourceCode {background-color: transparent;overflow: visible;}hr {background-color: #1a1a1a;border: none;height: 1px;margin: 1em 0;}table {margin: 1em 0;border-collapse: collapse;width: 100%;overflow-x: auto;display: block;font-variant-numeric: lining-nums tabular-nums;}table caption {margin-bottom: 0.75em;}tbody {margin-top: 0.5em;border-top: 1px solid #1a1a1a;border-bottom: 1px solid #1a1a1a;}th {border-top: 1px solid #1a1a1a;padding: 0.25em 0.5em 0.25em 0.5em;}td {padding: 0.125em 0.5em 0.25em 0.5em;}header {margin-bottom: 4em;text-align: center;}#TOC li {list-style: none;}#TOC ul {padding-left: 1.3em;}#TOC > ul {padding-left: 0;}#TOC a:not(:hover) {text-decoration: none;}code{white-space: pre-wrap;}span.smallcaps{font-variant: small-caps;}div.columns{display: flex; gap: min(4vw, 1.5em);}div.column{flex: auto; overflow-x: auto;}div.hanging-indent{margin-left: 1.5em; text-indent: -1.5em;}ul.task-list[class]{list-style: none;}ul.task-list li input[type="checkbox"] {font-size: inherit;width: 0.8em;margin: 0 0.8em 0.2em -1.6em;vertical-align: middle;}</style><h2 id="まとめ">まとめ</h2><p>これらの発展的な問題は、「<strong>軌跡と領域</strong>」の概念を他の数学の分野と結びつけています。具体的には、以下のような分野との関連があります。</p><ul><li><strong>解析幾何学</strong>：二次曲線・二次曲面の性質。</li><li><strong>複素数平面</strong>：複素数の絶対値と図形の関係。</li><li><strong>不等式</strong>：絶対値を含む不等式による領域の定義。</li><li><strong>空間図形</strong>：三次元空間における図形の方程式。</li></ul><p>これらの問題に取り組むことで、軌跡と領域の理解が深まるだけでなく、他の数学的概念とのつながりも強化されます。</p><p>ぜひ、これらの問題に挑戦してみてください！</p>            </div>        </foreignObject>        </svg>        ', 'https://firebasestorage.googleapis.com/v0/b/fairedu-eb4f7.appspot.com/o/segment_12.mp3?alt=media&token=e96ade64-f422-4f82-a334-3da4a2d951de', '## まとめこれらの発展的な問題は、「きせきとりょういき」のがいねんをほかのすうがくのぶんやとむすびつけています。ぐたいてきには、いかのようなぶんやとのかんれんがあります。- **かいせききかがく**：にじきょくせん・にじきょくめんのせいしつ。- **ふくそすうへいめん**：ふくそすうのぜったいちとずけいのかんけい。- **ふとうしき**：ぜったいちをふくむふとうしきによるりょういきのていぎ。- **くうかんずけい**：さんじげんくうかんにおけるずけいのほうていしき。これらのもんだいにとりくむことで、きせきとりょういきのりかいがふかまるだけでなく、ほかのすうがくてきがいねんとのつながりもきょうかされます。ぜひ、これらのもんだいにちょうせんしてみてください！', 'str30');

-- サンプルデータの挿入: segments
INSERT INTO segments_local (id, lecture_id, tags, prev, next, content, voice, script, structure_id) VALUES
('seg1', 'lec1', '{"math", "beginner", "intro"}', 'seg2', NULL, 'Welcome to the math course!', NULL, '読み上げ例1', 'str1'),
('seg2', 'lec1', '{"math", "addition", "exercise"}', 'seg1', NULL, 'Basic math introduction.', NULL, '読み上げ例2', 'str1'),
('seg3', 'lec4', '{"science", "intro", "beginner"}', 'seg4', NULL, 'Welcome to the science course!', NULL, '読み上げ例3', 'str4'),
('seg4', 'lec4', '{"science", "physics", "basics"}', 'seg3', NULL, 'Basic science introduction.', NULL, '読み上げ例4', 'str4'),
('seg5', 'lec6', '{"history", "egypt", "intro"}', 'seg6', NULL, 'Welcome to Ancient Egypt lecture.', NULL, '読み上げ例5', 'str6'),
('seg6', 'lec6', '{"history", "egypt", "overview"}', 'seg5', NULL, 'Egyptian civilization overview.', NULL, '読み上げ例6', 'str6');

-- サンプルデータの挿入: tests
INSERT INTO tests (id, lecture_id) VALUES
('test1', 'lec2'),
('test2', 'lec5'),
('test3', 'lec7'),
('test4', 'lec9');

-- サンプルデータの挿入: questions
INSERT INTO questions (id, test_id, text) VALUES
('q1', 'test1', 'What is 2 + 2?'),
('q2', 'test1', 'What is 5 - 3?'),
('q3', 'test2', 'What is Newton’s First Law?'),
('q4', 'test3', 'Who was the first pharaoh of Egypt?'),
('q5', 'test4', 'What is Shakespeare’s most famous play?');

-- サンプルデータの挿入: choices
INSERT INTO choices (id, question_id, text, is_correct) VALUES
('choice1', 'q1', '4', TRUE),
('choice2', 'q1', '5', FALSE),
('choice3', 'q2', '2', TRUE),
('choice4', 'q2', '3', FALSE),
('choice5', 'q3', 'An object in motion stays in motion.', TRUE),
('choice6', 'q3', 'Energy cannot be created or destroyed.', FALSE),
('choice7', 'q4', 'Narmer', TRUE),
('choice8', 'q4', 'Tutankhamun', FALSE),
('choice9', 'q5', 'Hamlet', TRUE),
('choice10', 'q5', 'Macbeth', FALSE);

-- サンプルデータの挿入: user_progresses
INSERT INTO user_progresses (id, lecture_id, user_id) VALUES
('progress1', 'lec1', 'user1'),
('progress2', 'lec4', 'user2'),
('progress3', 'lec6', 'user3'),
('progress4', 'lec8', 'user4');

-- サンプルデータの挿入: chats
INSERT INTO chats (id, user_id, segment_id) VALUES
('chat1', 'user1', 'seg1'),
('chat2', 'user2', 'seg3'),
('chat3', 'user3', 'seg5');

-- サンプルデータの挿入: messages
INSERT INTO messages (id, is_user, chat_id, prev, next, message) VALUES
('msg1', TRUE, 'chat1', NULL, 'msg2', 'What is 2+2?'),
('msg2', FALSE, 'chat1', 'msg1', NULL, 'It is 4.'),
('msg3', TRUE, 'chat2', NULL, 'msg4', 'What is Newton’s first law?'),
('msg4', FALSE, 'chat2', 'msg3', NULL, 'An object in motion stays in motion.'),
('msg5', TRUE, 'chat3', NULL, NULL, 'Who was the first pharaoh of Egypt?');
